date,open,high,low,close,volume,macd,macdsignal,macdhist,rsi,upperband,middleband,lowerband,k,d,volume_change,macd_signal,signal
2024-07-01 00:00:00,62772.01,62809.01,62573.32,62624.0,416.77792,,,,,,,,,,,,
2024-07-01 00:15:00,62624.0,62744.99,62621.4,62720.02,196.18162,,,,,,,,,,-220.59629999999999,,
2024-07-01 00:30:00,62720.02,62839.49,62684.0,62804.6,192.89394,,,,,,,,,,-3.287680000000023,,
2024-07-01 00:45:00,62804.6,62944.0,62797.04,62931.99,181.27297,,,,,,,,,,-11.62097,,
2024-07-01 01:00:00,62931.98,63653.37,62901.71,63644.0,1135.4786,,,,,,,,,,954.2056299999999,,
2024-07-01 01:15:00,63644.0,63650.0,63410.0,63488.0,471.96011,,,,,,,,,,-663.5184899999999,,
2024-07-01 01:30:00,63487.99,63663.0,63474.96,63617.78,392.69738,,,,,,,,,,-79.26272999999998,,
2024-07-01 01:45:00,63617.77,63730.0,63540.82,63640.82,570.26562,,,,,,,,,,177.56824,,
2024-07-01 02:00:00,63640.81,63818.33,63375.3,63527.49,1027.20191,,,,,,,,84.6975207220557,89.15320077456259,456.93629,,Potential Overbought (Stochastic)
2024-07-01 02:15:00,63527.49,63614.24,63513.51,63572.54,399.97999,,,,,,,,67.74408274378989,80.79136636103813,-627.22192,,
2024-07-01 02:30:00,63572.54,63605.55,63349.6,63390.0,429.59248,,,,,,,,40.47003539097222,64.30387961893926,29.612490000000037,,
2024-07-01 02:45:00,63389.99,63448.0,63288.53,63435.86,180.55793,,,,,,,,26.982776173435283,45.065631436065786,-249.03455000000002,,
2024-07-01 03:00:00,63435.86,63536.47,63376.4,63457.38,377.81124,,,,,,,,22.766052869981802,30.07295481146309,197.25331,,
2024-07-01 03:15:00,63457.38,63518.34,63395.99,63456.92,461.83632,,,,,,,,37.126162887710706,28.958330643709257,84.02508,,
2024-07-01 03:30:00,63456.92,63468.0,63340.0,63371.72,256.6094,,,,70.51042912474357,,,,36.60370941688718,32.16530839152656,-205.22692,,
2024-07-01 03:45:00,63371.72,63477.28,63371.71,63437.69,168.20585,,,,71.61669588443742,,,,46.03344237823569,39.92110489427785,-88.40355,,
2024-07-01 04:00:00,63437.69,63466.92,63364.01,63395.16,153.62747,,,,69.79878391767123,,,,38.15883194322191,40.265327912781586,-14.57838000000001,,
2024-07-01 04:15:00,63395.16,63438.26,63340.0,63347.99,92.30793,,,,67.74483364182996,,,,30.905151856014598,38.36580872582406,-61.31953999999999,,
2024-07-01 04:30:00,63347.99,63363.7,63223.25,63229.82,180.4943,,,,62.76212225187693,,,,11.714016070467359,26.92599995656795,88.18637000000001,,
2024-07-01 04:45:00,63229.81,63306.0,63223.2,63279.79,90.7231,,,,63.96897145748337,63915.47402157444,63318.6785,62721.882978425565,9.77967588186044,17.46628126944746,-89.77120000000001,,Potential Oversold (Stochastic)
2024-07-01 05:00:00,63279.79,63365.73,63262.0,63340.31,112.77185,,,,65.4302679881996,63859.08476001692,63354.494000000006,62849.90323998309,24.303287825902135,15.265659926076637,22.04875,,
2024-07-01 05:15:00,63340.31,63425.47,63320.0,63387.73,94.74246,,,,66.57417607023591,63800.023823822165,63387.8795,62975.73517617784,48.94259538376707,27.67518636384321,-18.029390000000006,,
2024-07-01 05:30:00,63387.73,63457.47,63375.57,63392.01,133.63637,,,,66.68134022481026,63730.89447350859,63417.25,63103.60552649141,65.53771849598247,46.26120056855056,38.893910000000005,,
2024-07-01 05:45:00,63392.01,63447.98,63392.0,63432.94,77.11424,,,,67.74629149670275,63663.24348532951,63442.2975,63221.35151467049,79.36376301526495,64.61469229833817,-56.522130000000004,,
2024-07-01 06:00:00,63432.94,63456.97,63381.32,63381.33,97.60886,,,,64.92821688971934,63630.9901644375,63429.164000000004,63227.33783556251,74.21159625937914,73.03769259020885,20.494620000000012,,
2024-07-01 06:15:00,63381.33,63384.0,63293.75,63382.0,122.94334,,,,64.94860129006251,63624.79681029528,63423.864,63222.93118970472,68.15997065924734,73.91177664463048,25.33448,,
2024-07-01 06:30:00,63381.99,63420.0,63344.17,63362.01,170.25058,,,,63.757916287683635,63592.63626607328,63411.0755,63229.51473392672,52.21462362014277,64.86206351292307,47.30724000000001,,
2024-07-01 06:45:00,63362.01,63464.74,63337.32,63404.0,135.80552,,,,65.2010640785746,63547.07556377076,63399.2345,63251.393436229235,53.35786485757158,57.91081971232055,-34.44506000000001,,
2024-07-01 07:00:00,63403.99,63432.0,63350.0,63432.0,122.13943,,,,66.16848599806285,63531.17363383284,63394.46,63257.74636616716,62.341090295121454,55.9711929242786,-13.666089999999997,,
2024-07-01 07:15:00,63431.99,63432.0,63303.93,63313.73,83.38598,,,,58.740230180088524,63495.457030316684,63381.519499999995,63267.581969683306,52.33834337290802,56.01243284186702,-38.75345,,
2024-07-01 07:30:00,63313.73,63362.91,63300.01,63334.87,142.37748,,,,59.612985439443854,63494.40131129827,63378.763,63263.124688701726,37.899825529943236,50.8597530659909,58.99149999999999,,
2024-07-01 07:45:00,63334.87,63362.91,63260.71,63277.84,138.94006,,,,56.16163926743365,63491.309468779094,63370.862,63250.41453122091,13.74753976332552,34.661902888725585,-3.437420000000003,,
2024-07-01 08:00:00,63277.84,63314.99,63258.79,63260.01,118.85658,,,,55.087808604669284,63483.788466842445,63360.993500000004,63238.19853315756,10.08735758686367,20.578240960044138,-20.083479999999994,,
2024-07-01 08:15:00,63260.01,63294.0,63092.68,63117.84,262.19448,-14.482509443150775,18.2362237308294,-32.718733173980176,47.31871627327545,63498.67842668145,63344.03950000001,63189.40057331858,5.505000375627571,9.77996590860558,143.3379,,Potential Oversold
2024-07-01 08:30:00,63117.84,63124.0,62836.47,62890.0,485.07435,-46.3837575349462,5.312227477674279,-51.695985012620476,38.055892700871254,63570.29284480162,63319.95350000002,63069.61415519842,6.095825754836343,7.229394572442523,222.87986999999998,,Potential Oversold
2024-07-01 08:45:00,62890.0,62989.22,62848.0,62923.91,522.76495,-68.14395182298904,-9.379008382458386,-58.76494344053065,39.94030555399099,63591.9687202672,63294.26450000001,62996.560279732825,11.397603351981322,7.666143160815074,37.69060000000002,,Potential Oversold
2024-07-01 09:00:00,62923.91,62997.98,62868.01,62886.13,181.46468,-87.42975701364776,-24.989158108696262,-62.4405989049515,38.53381470422508,63611.32644644089,63268.81300000001,62926.299553559125,12.385270681401918,9.95956659607319,-341.30027,,Potential Oversold
2024-07-01 09:15:00,62886.13,62920.0,62789.16,62840.4,286.38503,-105.19134504606336,-41.029595496169684,-64.16174954989367,36.8425963352085,63630.98056186799,63243.43350000001,62855.88643813202,12.379087393015135,12.053987142132788,104.92034999999998,,Potential Oversold
2024-07-01 09:30:00,62840.4,62945.74,62835.52,62878.0,121.80917,-114.90892717919633,-55.80546183277501,-59.103465346421316,39.20522393168568,63644.9203151431,63225.842500000006,62806.76468485691,15.686552361485676,13.483636811967571,-164.57585999999998,,Potential Oversold (Stochastic)
2024-07-01 09:45:00,62878.0,62970.0,62860.01,62938.97,141.5231,-116.34921030710393,-67.91421152764079,-48.43499877946314,42.93315521718682,63645.0832118817,63208.8015,62772.519788118305,36.14101265480412,21.402217469768306,19.713930000000005,,
2024-07-01 10:00:00,62938.97,62977.99,62895.4,62902.57,212.06355,-119.05542403629806,-78.14245402937225,-40.91297000692582,41.304717460346964,63638.27047730858,63186.9145,62735.55852269142,50.86107318242943,34.22954606623974,70.54044999999999,,
2024-07-01 10:15:00,62902.57,62940.0,62840.38,62872.0,124.55135,-122.2575524675849,-86.96547371701477,-35.29207875057013,39.93475666882795,63622.464427538114,63161.128000000004,62699.791572461894,56.640430759443056,47.880838865558864,-87.51219999999999,,
2024-07-01 10:30:00,62872.0,62940.01,62781.05,62840.0,141.2962,-125.92580064061622,-94.75753910173506,-31.168261538881154,38.49543796214845,63602.299819856395,63133.527500000004,62664.75518014361,42.7043514202656,50.068618454046025,16.74485,,
2024-07-01 10:45:00,62840.0,62885.0,62805.92,62852.24,137.36511,-126.38832213640126,-101.0836957086683,-25.304626427732956,39.39520287205623,63567.38592775886,63104.49250000001,62641.59907224115,36.6503958875253,45.33172602241131,-3.9310900000000117,,
2024-07-01 11:00:00,62852.24,62858.0,62709.71,62812.05,228.74387,-128.5164136543317,-106.57023929780098,-21.94617435653072,37.45752291370916,63537.337779294794,63076.0285,62614.71922070521,34.742584100224036,38.03244380267163,91.37876,,
2024-07-01 11:15:00,62812.04,62850.01,62702.0,62756.14,304.24851,-133.17920428913203,-111.89203229606719,-21.287171993064845,34.886795907070926,63503.681316511196,63044.735499999995,62585.789683488794,32.34724039880287,34.58007346218405,75.50464000000002,,
2024-07-01 11:30:00,62756.14,62767.99,62663.3,62737.72,252.65336,-136.78407781452552,-116.87044139975885,-19.91363641476667,34.057490741770145,63466.79019621059,63013.52099999999,62560.2518037894,29.262746190657236,32.11752356322803,-51.59515000000002,,
2024-07-01 11:45:00,62737.72,62737.72,62593.07,62662.09,224.12049,-144.08277840775554,-122.31290880135819,-21.76986960639735,30.81820146301083,63417.05532129428,62976.4255,62535.79567870571,24.428060080944586,28.679348890134886,-28.532870000000003,,
2024-07-01 12:00:00,62662.09,62846.52,62641.99,62691.81,240.87566,-145.78833837786806,-127.00799471666016,-18.780343661207894,33.49508938700754,63343.603331082086,62939.416000000005,62535.228668917924,29.269153053323958,27.653319774975248,16.75517000000002,,
2024-07-01 12:15:00,62691.81,62777.93,62681.02,62760.01,150.0251,-140.02274190569733,-129.6109441544676,-10.411797751229727,39.29941136624775,63284.176571571224,62911.73,62539.28342842878,41.96174782445798,31.886320319575493,-90.85056,,
2024-07-01 12:30:00,62760.01,62898.03,62734.0,62856.12,156.46185,-126.24294134310912,-128.9373435921959,2.694402249086778,46.39909201657501,63205.964521948335,62887.7925,62569.62047805167,62.8332678244439,44.68805623407527,6.436749999999989,Bullish,Strong Buy
2024-07-01 12:45:00,62856.12,62900.0,62804.01,62882.0,136.8373,-111.94363387847989,-125.5386016494527,13.594967770972815,48.15747094013075,63131.14654814662,62868.0005,62604.85445185338,81.78835059297894,62.19445541396026,-19.62455,Bullish,Strong Buy
2024-07-01 13:00:00,62882.0,62999.99,62800.0,62831.95,187.48921,-103.45735442467412,-121.12235220449699,17.66499777982287,45.07764591182602,63038.79304395263,62846.597499999996,62654.40195604736,77.81804573443661,74.14655471728646,50.651910000000015,Bullish,Strong Buy
2024-07-01 13:15:00,62831.95,62946.0,62681.35,62946.0,207.09844,-86.53155309277645,-114.20419238215288,27.672639289376434,52.52798338080558,62992.619567610134,62838.00549999999,62683.39143238985,76.75685547726214,78.78775060155921,19.609229999999997,Bullish,Strong Buy
2024-07-01 13:30:00,62945.99,63081.11,62678.22,62705.99,428.30324,-91.43057993424736,-109.64946989257177,18.21888995832441,40.17653233037382,62991.629586416,62828.80499999999,62665.98041358399,47.675932014688016,67.41694440879557,221.2048,Bullish,Strong Buy
2024-07-01 13:45:00,62705.99,62751.65,62497.2,62685.27,503.88043,-95.87978238914366,-106.89553239188615,11.015750002742493,39.31701838634476,62984.96173395639,62816.873,62648.78426604361,40.725024775884,55.05260408927804,75.57718999999997,Bullish,Strong Buy
2024-07-01 14:00:00,62685.27,62900.0,62610.74,62624.77,449.36737,-103.09918850179383,-106.13626361386768,3.0370751120738504,36.838817728964685,62988.17456932735,62803.80500000001,62619.43543067267,20.316325345562202,36.23909404537806,-54.513059999999996,Bullish,Strong Buy
2024-07-01 14:15:00,62624.76,62870.0,62610.35,62832.01,336.53595,-91.04853302308038,-103.11871749571023,12.070184472629848,48.75440216695753,62987.4580394343,62803.38550000001,62619.31296056572,37.131863928801785,32.72440468341599,-112.83141999999998,Bullish,Strong Buy
2024-07-01 14:30:00,62832.01,62944.0,62770.02,62848.01,360.41704,-79.29319288422266,-98.35361257341272,19.060419689190056,49.54579757424695,62983.98078369297,62801.88600000001,62619.79121630706,46.42210842995232,34.62343256810542,23.881089999999972,Bullish,Strong Buy
2024-07-01 14:45:00,62848.01,62881.91,62782.23,62826.02,279.47769,-70.93373046336637,-92.86963615140345,21.93590568803708,48.43861657841968,62967.67075659827,62796.238500000014,62624.806243401756,63.671076569855906,49.07501630953666,-80.93934999999999,Bullish,Strong Buy
2024-07-01 15:00:00,62826.02,63070.11,62815.63,63030.76,445.91846,-47.24339688048349,-83.74438829721946,36.50099141673597,57.87692241006995,62997.49019527126,62802.64800000001,62607.805804728756,75.03836680839903,61.71051726940241,166.44077,Bullish,Strong Buy
2024-07-01 15:15:00,63030.76,63030.76,62826.0,62944.69,217.58742,-35.01019083258143,-73.99754880429185,38.98735797171042,53.447654750826686,63008.72727931024,62806.28250000001,62603.83772068978,79.25206199209619,72.65383512345038,-228.33103999999997,Bullish,Strong Buy
2024-07-01 15:30:00,62944.69,63011.61,62870.51,62934.27,189.63787,-25.858018677303335,-64.36964277889415,38.51162410159081,52.91964250272323,63020.623780634276,62810.99600000001,62601.36821936574,72.96510549474215,75.75184476507913,-27.949550000000016,Bullish,Strong Buy
2024-07-01 15:45:00,62934.27,63166.11,62934.26,63132.9,224.79307,-2.5477069467815454,-52.00525561247163,49.457548665690084,60.85784058678059,63077.10107222453,62825.029,62572.95692777548,72.93432959885399,75.0504990285641,35.15520000000001,Bullish,Strong Buy
2024-07-01 16:00:00,63132.9,63338.12,62966.77,63282.0,411.97177,27.638408590762992,-36.076522771824706,63.7149313625877,65.55300691499188,63169.560155015584,62848.5265,62527.492844984416,78.4471878403371,74.78220764464442,187.1787,Bullish,Strong Buy
2024-07-01 16:15:00,63282.0,63318.99,63129.82,63183.42,241.7162,43.10959986843227,-20.239298243773312,63.34889811220558,60.394768896409026,63219.11908396607,62869.8905,62520.66191603393,83.466739929877,78.28275245635604,-170.25557,Bullish,Strong Buy
2024-07-01 16:30:00,63183.42,63315.0,63140.89,63180.0,453.29424,54.46680557181389,-5.298077480655872,59.76488305246976,60.21773551851408,63260.43937899405,62892.0045,62523.569621005954,75.07895241063761,78.99762672695057,211.57804000000002,Bullish,Strong Buy
2024-07-01 16:45:00,63180.0,63193.99,63090.06,63119.33,217.99164,57.904424791595375,7.342422973794378,50.562001817801,57.02436812751649,63280.12916851003,62914.866500000004,62549.60383148998,60.601006215186935,73.04889951856718,-235.3026,Bullish,Strong Buy
2024-07-01 17:00:00,63119.33,63188.1,63056.83,63110.02,266.52326,59.19515865561698,17.7129701101589,41.48218854545808,56.528968250276726,63295.40730773883,62935.777,62576.14669226117,50.195416779452245,61.9584584684256,48.531620000000004,Bullish,Strong Buy
2024-07-01 17:15:00,63110.02,63380.0,63093.4,63339.77,238.76572,77.85946400600369,29.74226888932786,48.11719511667583,64.68295946547522,63355.1955352032,62964.765,62574.3344647968,57.31739913011089,56.03794070825003,-27.757540000000006,Bullish,Strong Buy
2024-07-01 17:30:00,63339.77,63618.0,63279.99,63604.0,476.26222,112.67338456249854,46.328492023962,66.34489253853654,71.34095243985215,63477.7704882045,63002.159,62526.5475117955,74.5440412414631,60.685619050342076,237.49650000000003,Bullish,Potential Overbought
2024-07-01 17:45:00,63604.01,63697.66,63510.42,63697.66,380.20721,146.1366740633166,66.29012843183293,79.84654563148368,73.26491786592528,63602.77230152453,63042.941999999995,62483.11169847546,95.01888527898406,75.62677521685269,-96.05501000000004,Bullish,Potential Overbought
2024-07-01 18:00:00,63697.66,63743.2,63576.0,63648.87,382.56046,166.79689604757004,86.39148195498035,80.4054140925897,70.60580207397653,63693.10122573819,63083.788,62474.47477426181,94.5872986790393,88.0500750664955,2.3532500000000027,Bullish,Potential Overbought (Stochastic)
2024-07-01 18:15:00,63648.87,63861.76,63438.45,63520.5,615.14183,170.8425184449443,103.28168925297314,67.56082919197115,64.02184797592692,63746.790913978046,63112.513,62478.23508602195,80.6142023260009,90.07346209467477,232.58137000000005,Bullish,Strong Buy
2024-07-01 18:30:00,63520.5,63604.0,63464.0,63561.86,281.32309,175.36461555462301,117.69827451330312,57.666341041319896,65.1494546913958,63789.58852951563,63155.306500000006,62521.02447048438,63.43100850942968,79.54416983815665,-333.81874000000005,Bullish,Strong Buy
2024-07-01 18:45:00,63561.85,63730.0,63527.68,63649.99,253.81204,183.93942536358372,130.94650468335925,52.99292068022447,67.48772183153206,63834.22652306719,63203.5425,62572.858476932815,51.336391654568494,65.12720082999971,-27.511049999999983,Bullish,Strong Buy
2024-07-01 19:00:00,63649.99,63649.99,63470.32,63529.07,193.26325,178.91536552314938,140.5402768513173,38.37508867183209,61.40054616990711,63835.08749356252,63248.75750000001,62662.427506437496,39.94357695032139,51.570325704773204,-60.54879,Bullish,Strong Buy
2024-07-01 19:15:00,63529.07,63533.99,63353.89,63392.07,212.78768,162.0114398302394,144.8345094471017,17.176930383137687,55.313213090395074,63833.553269431584,63276.76050000001,62719.96773056844,26.299328048611702,39.193098884500536,19.524429999999995,Bullish,Strong Buy
2024-07-01 19:30:00,63392.07,63411.41,63183.12,63210.01,329.57927,132.39803434627538,142.34721442693643,-9.949180080661051,48.44030751309418,63817.195139568124,63294.86050000001,62772.525860431895,11.280711537900478,25.841205512277863,116.79159000000001,,
2024-07-01 19:45:00,63210.01,63345.52,63071.36,63226.78,524.75766,109.02561655290629,135.6828948521304,-26.657278299224117,49.068083524310325,63792.59306551576,63314.89850000001,62837.20393448426,12.010588218670279,16.530209268394156,195.17838999999998,,Potential Oversold (Stochastic)
2024-07-01 20:00:00,63226.78,63330.0,63162.06,63295.22,243.0029,94.93103718142083,127.53252331798849,-32.60148613656766,51.6551423570216,63787.92930576732,63328.12150000001,62868.3136942327,22.40067603543103,15.230658597333933,-281.75476,,
2024-07-01 20:15:00,63295.21,63423.48,63295.21,63348.01,121.18104,87.017608475202,119.42954034943119,-32.4119318742292,53.61238502695009,63773.1071269778,63348.28750000001,62923.46787302223,40.694817408062114,25.035360554054478,-121.82186000000002,,
2024-07-01 20:30:00,63348.01,63380.0,63290.0,63302.09,87.61196,76.16284115864255,110.77620051127346,-34.61335935263091,51.653412658628675,63747.81304799886,63366.678500000016,62985.54395200117,54.67110002985796,39.25553115778371,-33.56908,,
2024-07-01 20:45:00,63302.08,63344.59,63292.52,63292.53,91.51106,66.02782014243712,101.8265244375062,-35.79870429506907,51.23369278027188,63742.32540346567,63374.66000000002,63006.994596534365,62.712112775294656,52.692676737738246,3.8991000000000042,,
2024-07-01 21:00:00,63292.53,63292.53,63230.0,63230.01,84.45923,52.347472393077624,91.93071402862049,-39.58324163554286,48.460414784164534,63743.029998318765,63372.06050000002,63001.09100168128,51.44319536291456,56.27546938935573,-7.051829999999995,,
2024-07-01 21:15:00,63230.01,63230.01,63111.25,63138.0,95.65585,33.69286977015145,80.28314517692668,-46.590275406775234,44.631465303070144,63745.87134588193,63369.78950000003,62993.70765411812,32.45701042139452,48.87077285320125,11.196619999999996,,
2024-07-01 21:30:00,63138.0,63179.47,63104.07,63179.47,62.86055,22.00162418500986,68.62684097854331,-46.625216793533454,46.676473534214004,63745.898405871005,63369.76300000002,62993.62759412904,20.628609587106205,34.84293845713844,-32.7953,,
2024-07-01 21:45:00,63179.47,63198.26,63036.82,63130.01,99.54947,8.645558564909152,56.63058449581648,-47.98502593090733,44.562468438782005,63745.036463668235,63370.29700000002,62995.557536331806,22.05742593017473,25.04768197955849,36.688919999999996,,
2024-07-01 22:00:00,63130.01,63162.5,63019.38,63058.0,127.64697,-7.661507759272354,43.77216604479871,-51.43367380407106,41.60781667486673,63750.26581679487,63367.69600000002,62985.12618320517,23.91454238555924,22.20019263428006,28.097499999999997,,
2024-07-01 22:15:00,63058.0,63123.73,62804.6,62881.34,294.55463,-34.44292430659698,28.12914797451957,-62.57207228111655,35.40569496529561,63782.279406859016,63344.77450000002,62907.26959314103,20.81897477360992,22.263647696447965,166.90765999999996,,Potential Oversold
2024-07-01 22:30:00,62881.35,62929.53,62820.22,62911.99,103.96305,-52.58798941568239,11.985720496479178,-64.57370991216156,37.15597008800145,63769.132252832555,63310.17400000002,62851.21574716749,19.819235330310356,21.517584163159842,-190.59157999999996,,
2024-07-01 22:45:00,62911.98,63020.0,62911.98,62975.1,132.59964,-61.1704992371524,-2.6455234502471363,-58.52497578690526,40.71792077100857,63718.846613036556,63274.04600000003,62829.24538696351,29.543480486435403,23.393896863451896,28.636589999999998,,
2024-07-01 23:00:00,62975.1,63037.18,62970.0,62997.53,111.679,-65.40830038802233,-15.198078837802175,-50.210221550220155,41.97667874986352,63666.68337539912,63241.47900000003,62816.274624600934,41.499164097976916,30.28729330490756,-20.92063999999999,,
2024-07-01 23:15:00,62997.53,63001.12,62849.7,62849.71,155.86404,-79.77503006020561,-28.11346908228286,-51.66156097792275,36.479319213051525,63645.4611735289,63207.93950000002,62770.417826471145,37.11763715305755,36.05342724582329,44.18503999999999,,
2024-07-01 23:30:00,62849.7,62920.0,62834.0,62915.83,101.83908,-84.84736777989747,-39.460248821805784,-45.38711895809168,40.24876322643055,63599.03534898822,63175.63800000002,62752.24065101182,37.36981845418811,38.662206568407534,-54.02495999999999,,
2024-07-01 23:45:00,62915.83,62934.81,62864.0,62899.99,85.15624,-89.1180897223312,-49.391817001910866,-39.72627272042034,39.64185484399637,63517.393474752665,63138.13800000002,62758.882525247376,30.227308915781418,34.9049215076757,-16.68284,,
2024-07-02 00:00:00,62900.0,62971.05,62850.06,62858.02,105.08391,-94.79654036415013,-58.47276167435872,-36.32377868979141,38.006554342829354,63457.37337842925,63104.58550000002,62751.7976215708,29.456217037742196,32.351114802570585,19.927670000000006,,
2024-07-02 00:15:00,62858.02,62988.0,62787.42,62988.0,129.72163,-87.79639154660981,-64.33748764880895,-23.458903897800866,45.504260257135826,63414.55699864733,63084.38200000002,62754.20700135271,46.053724105240434,35.24575001958803,24.63772,,
2024-07-02 00:30:00,62988.0,62988.0,62864.0,62871.23,87.24164,-90.62640154373366,-69.59527042779389,-21.031131115939772,40.73756759307456,63404.78272045133,63067.443000000014,62730.1032795487,49.155469601755506,41.55513691491273,-42.47999,,
2024-07-02 00:45:00,62871.24,62974.23,62864.3,62926.65,73.60619,-87.38989767773455,-73.15419587778203,-14.235701799952523,43.749277400155584,63386.77791933772,63052.43650000001,62718.0950806623,68.35269311571767,54.52062894090455,-13.635450000000006,,
2024-07-02 01:00:00,62926.65,62960.86,62852.39,62927.99,86.07708,-83.75138441887975,-75.27363358600158,-8.477750832878172,43.82361531866706,63353.048708402675,63034.07500000001,62715.10129159735,60.42643001961054,59.311530912361256,12.470889999999997,,
2024-07-02 01:15:00,62928.0,62955.85,62865.7,62889.81,71.87466,-82.99196366713295,-76.81729960222785,-6.174664064905102,42.11579149807157,63301.15844035985,63011.165000000015,62721.17155964018,63.51414232060338,64.09775515197721,-14.20241999999999,,
2024-07-02 01:30:00,62889.81,62937.0,62815.71,62854.0,88.30125,-84.30783671158133,-78.31540702409855,-5.992429687482783,40.52077320524507,63253.52651989664,62988.76050000001,62723.994480103385,47.784294545758854,57.24162229532428,16.42658999999999,,
2024-07-02 01:45:00,62854.0,62939.99,62853.99,62926.0,53.03634,-78.63442856451002,-78.37921133218084,-0.2552172323291728,45.02863009311836,63196.46540739775,62970.43400000001,62744.402592602266,47.615312602478234,52.971249822946845,-35.26490999999999,,
2024-07-02 02:00:00,62926.0,63107.82,62924.0,63089.12,97.97012,-60.2809101750463,-74.75955110075394,14.478640925707637,53.60719825822955,63163.97123040182,62963.38950000001,62762.80776959821,61.79909200399593,52.399566384077694,44.93377999999999,Bullish,Strong Buy
2024-07-02 02:15:00,63089.13,63127.1,63011.97,63030.06,122.91994,-49.92575006734114,-69.79279089407137,19.867040826730232,50.532383590801366,63144.82864721174,62957.992500000015,62771.15635278829,77.33654211371248,62.25031557339557,24.949820000000003,Bullish,Strong Buy
2024-07-02 02:30:00,63030.06,63093.37,62950.0,62978.02,172.23685,-45.39511750356178,-64.91325621596945,19.518138712407676,47.923966034265135,63105.310242477026,62947.92000000002,62790.529757523014,71.51971831973138,70.21845081247994,49.31691000000001,Bullish,Strong Buy
2024-07-02 02:45:00,62978.02,63017.49,62968.85,62999.56,121.34155,-39.60986273132585,-59.852577519040736,20.24271478771489,49.095240867151,63077.425073314786,62941.39750000002,62805.369926685256,58.087240243962746,68.98116689246889,-50.895300000000006,Bullish,Strong Buy
2024-07-02 03:00:00,62999.56,63065.0,62991.03,63036.2,93.37002,-31.703012266109,-54.22266446845439,22.51965220234539,51.10960912370264,63072.88586363755,62940.30750000002,62807.72913636248,53.55631192077815,61.05442349482411,-27.97153,Bullish,Strong Buy
2024-07-02 03:15:00,63036.21,63174.0,63005.41,63168.0,117.67981,-14.632938400020066,-46.30471925476753,31.67178085474746,57.60804134662945,63117.20933049666,62954.640500000016,62792.07166950337,68.62200621930769,60.08851946134954,24.309790000000007,Bullish,Strong Buy
2024-07-02 03:30:00,63168.01,63288.83,63144.71,63222.01,136.77634,3.2162982574591297,-36.40051575232219,39.61681400978132,59.95689664468975,63168.63829473481,62970.14150000001,62771.644705265215,77.61478231091031,66.59770015033206,19.09653,Bullish,Strong Buy
2024-07-02 03:45:00,63222.01,63227.31,63122.01,63138.67,121.68065,10.515884832318989,-27.017235635393956,37.53312046771295,54.9018649896744,63190.0010803855,62978.32000000001,62766.63891961452,76.8908972108785,74.37589524703218,-15.095690000000005,Bullish,Strong Buy
2024-07-02 04:00:00,63138.68,63209.39,63120.0,63209.38,113.42948,21.755778760409157,-17.26263275623333,39.01841151664249,58.127571894220196,63223.356556167804,62988.9125,62754.46844383219,68.89076129351587,74.46548027176824,-8.251170000000002,Bullish,Strong Buy
2024-07-02 04:15:00,63209.38,63245.8,63140.78,63148.02,112.11104,25.41921954440477,-8.72626229610571,34.14548184051048,54.48559476282184,63238.9060700501,63003.828,62768.7499299499,58.90354591647687,68.22840147362378,-1.3184399999999954,Bullish,Strong Buy
2024-07-02 04:30:00,63148.01,63191.92,63104.33,63104.34,190.79219,24.515314522810513,-2.077946932322466,26.59326145513298,51.988449208174394,63248.57910770882,63013.253500000006,62777.92789229119,41.214663599813726,56.336323603268845,78.68115,Bullish,Strong Buy
2024-07-02 04:45:00,63104.34,63123.85,63038.01,63038.01,115.6728,18.23646797287074,1.9849360487161753,16.251531924154566,48.36357757481173,63249.81620601639,63020.154500000004,62790.49279398362,16.77432332670018,38.96417761433028,-75.11939000000001,Bullish,Strong Buy
2024-07-02 05:00:00,63038.02,63047.38,63002.0,63024.75,74.57941,12.051542978209909,3.998257434614922,8.053285543594987,47.64833767643244,63245.77702069263,63028.491,62811.204979307375,3.112279750086605,20.367088892200194,-41.09339,Bullish,Strong Buy
2024-07-02 05:15:00,63024.75,63076.23,63024.75,63070.01,67.94404,10.678948831649905,5.334395714021919,5.344553117627986,50.34750671644854,63249.76152473413,63032.5915,62815.42147526587,12.4090784796282,10.765227185471685,-6.635369999999995,Bullish,Strong Buy
2024-07-02 05:30:00,63070.01,63094.73,63026.0,63050.18,59.21334,7.899976792810776,5.8475119297796905,2.0524648630310853,49.1517806111455,63245.7373176858,63041.539000000004,62837.34068231421,20.865270560504488,12.128876263406454,-8.730699999999999,Bullish,Strong Buy
2024-07-02 05:45:00,63050.19,63050.19,63003.72,63024.0,63.99809,3.544258223431825,5.386861188510117,-1.8426029650782922,47.54631067440667,63243.950949577484,63046.406500000005,62848.862050422525,23.77312604117701,19.015825027103258,4.784749999999995,,
2024-07-02 06:00:00,63024.0,63048.86,62892.0,62935.88,125.86523,-6.93824787192716,2.921839376422662,-9.860087248349823,42.512787902418665,63243.42733340799,63046.801,62850.17466659201,21.68937124924072,22.10925595030743,61.86714,,
2024-07-02 06:15:00,62935.88,62975.84,62890.45,62892.01,112.49266,-18.57157033556723,-1.3768425659753167,-17.194727769591914,40.229415409443966,63243.18805548145,63046.911,62850.63394451855,13.48773174326243,19.650076344560077,-13.372569999999996,,Potential Oversold (Stochastic)
2024-07-02 06:30:00,62892.01,62917.81,62836.0,62914.04,122.87999,-25.71697602263157,-6.2448692573065685,-19.472106765325,41.91651753330001,63235.860961095605,63049.913,62863.965038904396,17.523642494315137,17.56691516227279,10.387330000000006,,Potential Oversold (Stochastic)
2024-07-02 06:45:00,62914.04,62930.76,62818.72,62866.0,337.13756,-34.85440810197906,-11.966777026241068,-22.887631075737993,39.310734724733514,63242.4495854163,63046.913,62851.3764145837,17.117449581399452,16.042941272992365,214.25757,,Potential Oversold (Stochastic)
2024-07-02 07:00:00,62866.01,62880.0,62656.0,62690.0,328.38642,-55.65604966725368,-20.704631554443594,-34.95141811281009,31.567999127068575,63275.477985509715,63026.956999999995,62778.436014490275,19.747724510786266,18.129605528833647,-8.75114000000002,,Potential Oversold
2024-07-02 07:15:00,62689.99,62740.0,62610.3,62682.25,243.49092,-71.93760873215797,-30.95122698998647,-40.9863817421715,31.27587564825592,63299.938020170586,63009.56649999999,62719.1949798294,16.25455468170848,17.70657625796476,-84.8955,,Potential Oversold
2024-07-02 07:30:00,62682.25,62722.97,62580.0,62607.36,256.68701,-89.84814522196393,-42.73061063638197,-47.117534585581964,28.52857436507503,63330.292558489135,62991.0335,62651.77444151086,12.045965395139568,16.016081529211466,13.196089999999998,,Potential Oversold
2024-07-02 07:45:00,62607.36,62667.08,62600.0,62629.99,193.85136,-101.05146417868673,-54.39478134484292,-46.65668283384381,30.5148264433339,63346.43577037698,62972.55499999999,62598.67422962301,13.911774603516562,14.070764893454898,-62.83564999999999,,Potential Oversold (Stochastic)
2024-07-02 08:00:00,62630.0,62701.87,62401.23,62476.17,482.94429,-120.94795094901201,-67.70541526567673,-53.24253568333528,25.356545991458834,63374.80920407169,62944.553499999995,62514.2977959283,12.568241739729693,12.841993912795303,289.09293,,Potential Oversold
2024-07-02 08:15:00,62476.16,62746.55,62449.99,62686.01,384.15578,-118.41866906309588,-77.84806602516056,-40.570603037935314,40.20603620805106,63351.93993011948,62920.45399999999,62488.9680698805,37.4576516751141,21.312556006120147,-98.78851000000003,,
2024-07-02 08:30:00,62686.01,62739.61,62645.46,62720.01,152.06251,-112.37528674149507,-84.75351016842747,-27.621776573067606,42.212043364864954,63311.897422816735,62895.35399999999,62478.81057718325,63.47847331991775,37.834788911587204,-232.09327,,
2024-07-02 08:45:00,62720.0,62741.69,62666.4,62670.01,122.041,-110.34841698250966,-89.87249153124391,-20.475925451265752,40.082410519196685,63283.77953109125,62871.920999999995,62460.06246890874,84.20595389783358,61.714026297621835,-30.021510000000006,,
2024-07-02 09:00:00,62670.01,62795.68,62601.18,62741.07,520.70033,-101.83427780400962,-92.26484878579706,-9.56942901821256,44.37737634992979,63233.32102537451,62848.50550000001,62463.6899746255,85.43494429355702,77.70645717043614,398.65933,,
2024-07-02 09:15:00,62741.07,62741.07,62657.8,62684.78,144.48146,-98.4935217205275,-93.51058337274314,-4.982938347784355,41.820080503036145,63190.523587524694,62825.3435,62460.16341247531,77.30323060135036,82.31470959758035,-376.21887000000004,,
2024-07-02 09:30:00,62684.78,62738.24,62640.18,62655.29,428.58718,-97.10616556713649,-94.22969981162181,-2.8764657555146727,40.503227820426126,63151.53962894959,62802.891,62454.242371050415,60.63156389051389,74.45657959514044,284.10572,,
2024-07-02 09:45:00,62655.29,62691.75,62618.54,62650.01,601.55656,-95.3337792296661,-94.45051569523068,-0.8832635344354287,40.25879644645134,63120.63897592653,62783.491,62446.343024073474,40.281561289080905,59.40545192698173,172.96938,,
2024-07-02 10:00:00,62650.01,62666.23,62485.63,62580.01,337.55125,-98.44277820481511,-95.24896819714756,-3.193810007667551,37.06518357164861,63090.39005613987,62761.254,62432.11794386013,27.78856714793154,42.90056410917546,-264.00531,,
2024-07-02 10:15:00,62580.01,62657.99,62564.82,62651.03,153.24334,-94.0913354850054,-95.01744165471914,0.9261061697137336,42.08491511572275,63040.203172005626,62740.30500000001,62440.40682799439,40.09888929382094,36.05633924361115,-184.30791,Bullish,Strong Buy
2024-07-02 10:30:00,62651.02,62769.92,62626.01,62720.01,148.53965,-84.10714149672276,-92.83538162311986,8.728240126397097,46.54463921930462,62987.85457232819,62723.79650000001,62459.73842767183,59.21175089347119,42.36640244507458,-4.703689999999995,Bullish,Strong Buy
2024-07-02 10:45:00,62720.01,62801.05,62700.85,62715.98,148.38454,-75.6477628278808,-89.39785786407205,13.750095036191254,46.3202233936311,62933.70793554484,62708.395500000006,62483.083064455175,73.40820413999582,57.572948109096,-0.15511000000000763,Bullish,Strong Buy
2024-07-02 11:00:00,62715.98,62715.99,62655.0,62685.59,123.22542,-70.5822352345931,-85.63473333817626,15.052498103583162,44.57486667659212,62895.614375740806,62695.881000000016,62496.147624259225,72.9561443987657,68.52536647741091,-25.159119999999987,Bullish,Strong Buy
2024-07-02 11:15:00,62686.33,62782.24,62616.28,62770.0,98.8241,-59.075599824071105,-80.32290663535522,21.24730681128412,50.18904622371879,62871.851819230294,62689.780500000015,62507.709180769736,74.42682669329285,73.5970584106848,-24.40132,Bullish,Strong Buy
2024-07-02 11:30:00,62770.0,62866.2,62759.46,62793.79,206.84437,-47.489425644045696,-73.75621043709332,26.26678479304762,51.67477209945724,62842.23091430696,62683.76800000002,62525.30508569308,73.75919910703824,73.71405673303228,108.02027,Bullish,Strong Buy
2024-07-02 11:45:00,62793.79,62844.0,62766.22,62832.01,85.88836,-34.821859826144646,-65.96934031490358,31.14748048875893,54.04623249572013,62833.23853592229,62682.068500000016,62530.89846407774,81.40079365746202,76.52893981926438,-120.95600999999999,Bullish,Strong Buy
2024-07-02 12:00:00,62832.01,62854.02,62723.79,62756.87,125.67743,-30.49437253490032,-58.874346758902924,28.379974224002602,48.959444492604284,62840.05395720359,62685.412000000026,62530.77004279646,71.2001173708937,75.45337004513131,39.789069999999995,Bullish,Strong Buy
2024-07-02 12:15:00,62756.87,62842.0,62752.0,62754.44,108.52789,-26.95022297583637,-52.48952200228961,25.539299026453243,48.79948382509923,62846.542908963274,62689.02150000002,62531.50009103676,65.95177123346319,72.85089408727298,-17.149540000000002,Bullish,Strong Buy
2024-07-02 12:30:00,62754.44,62908.57,62754.43,62908.57,145.19235,-11.571071919861424,-44.30583198580398,32.73476006594255,58.14124255908053,62883.55987689379,62704.08200000002,62524.60412310624,70.51189714041946,69.22126191492545,36.664460000000005,Bullish,Strong Buy
2024-07-02 12:45:00,62908.57,63042.91,62835.67,62878.45,293.85814,-1.7927504723629681,-35.80321568311577,34.010465210752805,55.99129773983077,62907.75849556716,62716.50500000002,62525.251504432876,67.91540586377799,68.12635807922022,148.66579,Bullish,Strong Buy
2024-07-02 13:00:00,62878.45,62946.0,62830.0,62880.0,171.35964,6.012404513254296,-27.44009164384176,33.45249615709606,56.08130009908928,62906.22836555392,62736.69650000002,62567.16463444612,65.80492186847084,68.07740829088944,-122.49849999999998,Bullish,Strong Buy
2024-07-02 13:15:00,62880.0,62996.71,62848.01,62923.76,164.93719,15.549863211235788,-18.84210067282625,34.39196388406204,58.65227172579577,62934.75738468043,62748.58400000002,62562.410615319604,52.15236036605887,61.957562699435904,-6.422450000000026,Bullish,Strong Buy
2024-07-02 13:30:00,62923.76,63152.0,62705.01,62924.0,470.20662,22.86417001778318,-10.500846534704362,33.365016552487546,58.66656290090959,62959.37081235172,62758.78350000002,62558.19618764832,52.32823370767471,56.761838647401476,305.26943,Bullish,Strong Buy
2024-07-02 13:45:00,62924.0,62978.98,62517.81,62626.92,550.32026,4.635502472861845,-7.47357673319112,12.109079206052964,40.16201035662062,62961.8560743917,62756.629000000015,62551.401925608334,41.74636206275647,48.74231871216335,80.11363999999998,Bullish,Strong Buy
2024-07-02 14:00:00,62626.92,62730.0,62333.0,62370.01,697.32021,-30.193288366870547,-12.017519059927006,-18.175769306943543,31.043061734214454,63003.75951579299,62738.076000000015,62472.39248420704,23.5718987381437,39.21549816952496,146.99995,,Potential Oversold
2024-07-02 14:15:00,62370.01,62428.13,62215.23,62254.01,397.92147,-66.39028075279202,-22.892071398500008,-43.498209354292015,27.956507552537673,63055.69526326135,62716.53750000001,62377.37973673868,8.621101854358827,24.646454218419667,-299.39874,,Potential Oversold
2024-07-02 14:30:00,62330.18,62412.9,61867.29,61889.11,994.03567,-123.10199523461051,-42.93405616572211,-80.1679390688884,20.91254786360462,63173.54120199553,62678.22850000001,62182.91579800449,3.4523733742127356,11.881791322238422,596.1142,,Potential Oversold
2024-07-02 14:45:00,61889.12,62085.73,61870.0,62035.43,537.14287,-154.45912771769508,-65.23907047611671,-89.22005724157837,28.673248044308362,63216.7413752718,62647.49950000001,62078.25762472823,6.987638208193829,6.353704478921799,-456.89279999999997,,Potential Oversold
2024-07-02 15:00:00,62035.43,62160.04,61996.07,62037.47,328.29136,-177.10372863501107,-87.61200210789558,-89.49172652711549,28.778182359441516,63248.551652551956,62620.37250000001,61992.19334744807,12.183123129887917,7.541044904098162,-208.85151000000002,,Potential Oversold (Stochastic)
2024-07-02 15:15:00,62037.47,62086.65,61896.0,61966.01,221.71732,-198.52746179091628,-109.79509404449972,-88.73236774641656,27.26501041546408,63275.58984845368,62586.12150000001,61896.653151546336,17.48436659541289,12.218375977831547,-106.57404,,Potential Oversold (Stochastic)
2024-07-02 15:30:00,61966.0,62084.0,61823.74,61995.75,313.45962,-210.6775950407973,-129.97159424375923,-80.70600079703809,28.93962568394926,63282.19502422414,62549.908500000005,61817.62197577587,22.174727987057995,17.280739237452934,91.74229999999997,,
2024-07-02 15:45:00,61995.75,62088.53,61902.01,61948.08,245.81542,-221.5987809768485,-148.2970315903771,-73.30174938647141,27.83344149859383,63284.346217679195,62511.513500000015,61738.68078232084,27.92363773291841,22.527577438463098,-67.64419999999998,,
2024-07-02 16:00:00,61948.08,61972.11,61806.28,61890.56,304.06538,-232.21841347972077,-165.08130796824582,-67.13710551147494,26.51637675128716,63285.39939268316,62471.76200000001,61658.12460731686,29.997602177692055,26.698655965889486,58.249960000000016,,
2024-07-02 16:15:00,61890.55,61941.12,61826.54,61888.02,234.62098,-238.09489577136992,-179.68402552887065,-58.41087024249927,26.456841015242528,63267.06080983003,62427.663000000015,61588.26519017,29.919048018535292,29.28009597638192,-69.4444,,
2024-07-02 16:30:00,61888.02,61972.1,61856.01,61953.96,158.53391,-234.7254742531877,-190.69231527373407,-44.033158979453646,30.800600606585387,63231.60568732,62385.67150000001,61539.73731268002,35.03553748021802,31.650729225481786,-76.08707000000001,,
2024-07-02 16:45:00,61953.96,62026.45,61908.0,61920.89,191.84984,-232.04874258791097,-198.96360073656945,-33.08514185134152,29.84842966528443,63183.12440266338,62340.1155,61497.10659733662,40.62946560377898,35.194683700844095,33.31593000000001,,
2024-07-02 17:00:00,61920.9,61985.23,61888.0,61920.19,122.29124,-227.36299849017814,-204.6434802872912,-22.719518202886945,29.82741028949041,63137.44435559033,62298.2815,61459.11864440967,48.22184966741893,41.2956175838053,-69.5586,,
2024-07-02 17:15:00,61920.18,61990.0,61916.08,61986.0,86.30714,-215.85099957042257,-206.88498414391748,-8.966015426505095,34.49759549655562,63082.15940240173,62259.8595,61437.559597598265,57.36967814771989,48.74033113963927,-35.9841,,
2024-07-02 17:30:00,61986.0,62075.99,61922.0,62043.45,122.78631,-199.78888076353905,-205.46576346784178,5.676882704302727,38.35459961593809,62987.24891465282,62216.60349999999,61445.95808534716,72.23697824019654,59.27616868511179,36.479169999999996,Bullish,Strong Buy
2024-07-02 17:45:00,62043.45,62152.2,62030.0,62147.98,130.83949,-176.58922778648412,-199.69045633157026,23.101228545086144,44.73145400270276,62888.52348395083,62180.079999999994,61471.63651604916,87.79212200650453,72.46625946480698,8.053180000000012,Bullish,Strong Buy
2024-07-02 18:00:00,62147.99,62324.1,62141.81,62286.03,311.33691,-145.38791302911704,-188.82994767107962,43.44203464196258,51.81993739841446,62784.91411977862,62150.381499999996,61515.84888022137,91.62694073462762,83.88534699377622,180.49741999999998,Bullish,Strong Buy
2024-07-02 18:15:00,62286.03,62366.62,62269.33,62315.54,268.82039,-116.93152211631241,-174.4502625601262,57.51874044381378,53.20166727968865,62653.60420869067,62119.970499999996,61586.336791309324,92.77852331378496,90.73252868497237,-42.516520000000014,Bullish,Strong Buy
2024-07-02 18:30:00,62315.53,62359.99,62263.4,62299.99,129.28483,-94.54453183287842,-158.46911641467665,63.92458458179823,52.349713630816716,62486.337311222276,62088.77,61691.20268877772,88.31567137875395,90.90704514238884,-139.53555999999998,Bullish,Strong Buy
2024-07-02 18:45:00,62300.0,62368.81,62300.0,62330.01,105.28669,-73.53267868394323,-141.48182886852996,67.94915018458673,53.885029153517294,62406.93572276766,62073.9245,61740.91327723234,87.40827237727683,89.50082235660524,-23.998140000000006,Bullish,Strong Buy
2024-07-02 19:00:00,62330.01,62367.51,62168.0,62178.14,165.81443,-68.34740708653408,-126.85494451213079,58.50753742559671,45.838501219197205,62372.822787493555,62064.33099999999,61755.83921250643,63.18890950732061,79.63761775445046,60.527739999999994,Bullish,Strong Buy
2024-07-02 19:15:00,62178.14,62178.14,62008.0,62008.01,141.61642,-77.07760846079327,-116.89947730186329,39.821868841070014,38.84125375215693,62348.680303641464,62052.030999999995,61755.38169635853,34.85177688689543,61.81631959049762,-24.198009999999982,Bullish,Strong Buy
2024-07-02 19:30:00,62008.01,62148.05,61996.02,62000.0,135.41137,-83.67810687696328,-110.25520321688329,26.577096339920004,38.542936805742556,62345.86465688192,62057.57549999999,61769.28634311807,5.691600677564389,34.57742902392681,-6.20505,Bullish,Strong Buy
2024-07-02 19:45:00,62000.01,62031.67,61884.01,61939.1,232.76844,-92.75396054346493,-106.75495468219961,14.000994138734683,36.26253040766934,62345.550815917355,62052.759,61759.96718408264,4.1446151970775515,14.895997587179124,97.35707,Bullish,Strong Buy
2024-07-02 20:00:00,61939.1,62044.94,61875.55,62042.41,126.93893,-90.56639335289947,-103.51724241633958,12.950849063440117,42.47977271440725,62345.75413934373,62053.005999999994,61760.25786065626,15.449488569093974,8.428568147911973,-105.82951,Bullish,Strong Buy
2024-07-02 20:15:00,62042.41,62079.2,61988.0,62064.0,92.87577,-86.09811258134141,-100.03341644933995,13.935303867998542,43.71540009468625,62347.933025404476,62057.90549999999,61767.87797459551,35.85327729240306,18.482460352858194,-34.063159999999996,Bullish,Strong Buy
2024-07-02 20:30:00,62064.0,62080.73,61963.61,62002.01,126.31311,-86.56121895597607,-97.33897695066717,10.7777579946911,40.9925393578493,62347.990434051,62058.218499999995,61768.446565948994,47.53457416062209,32.94578000737304,33.43733999999999,Bullish,Strong Buy
2024-07-02 20:45:00,62002.0,62051.99,62002.0,62012.01,112.3405,-85.1398781502794,-94.89915719058962,9.759279040310219,41.6242043840947,62347.64541517732,62061.41499999999,61775.184584822666,58.39792923038275,47.2619268944693,-13.972609999999989,Bullish,Strong Buy
2024-07-02 21:00:00,62012.01,62089.61,61903.41,61929.79,188.31343,-89.61489742615959,-93.84230523770361,4.227407811544026,38.02041868744124,62345.40345361639,62063.37649999999,61781.34954638359,46.084495467857415,50.672332952954086,75.97293,Bullish,Strong Buy
2024-07-02 21:15:00,61929.79,62033.4,61929.79,62020.0,120.65441,-84.90347495083552,-92.05453918033,7.15106422949448,43.77248393728349,62341.25273659766,62069.975499999986,61798.698263402315,51.48720473118593,51.98987647647536,-67.65902000000001,Bullish,Strong Buy
2024-07-02 21:30:00,62020.01,62066.35,62000.0,62041.72,55.58575,-78.51197899494582,-89.34602714325317,10.834048148307346,45.09373957336203,62340.788116588745,62074.36349999999,61807.93888341124,54.078167014283714,50.54995573777568,-65.06866,Bullish,Strong Buy
2024-07-02 21:45:00,62041.73,62088.97,61958.02,61958.02,75.8905,-79.28659636289376,-87.33414098718129,8.047544624287525,41.08698662042558,62338.83117438882,62076.219999999994,61813.60882561117,55.40816326530473,53.657845003591454,20.304750000000006,Bullish,Strong Buy
2024-07-02 22:00:00,61958.03,62063.05,61958.02,62046.01,95.15566,-71.97079405729892,-84.26147160120482,12.2906775439059,46.47158414549983,62335.72983585068,62082.511,61829.292164149316,60.06444683136317,56.516925703650536,19.265159999999995,Bullish,Strong Buy
2024-07-02 22:15:00,62046.01,62046.01,61978.0,62034.0,67.01656,-66.37692280297051,-80.68456184155795,14.307639038587439,45.85551710000805,62335.319721149936,62084.911,61834.502278850065,57.126587986487245,57.53306602771838,-28.1391,Bullish,Strong Buy
2024-07-02 22:30:00,62034.01,62060.82,61983.78,62026.0,80.24092,-61.8760046088064,-76.92285039500764,15.046845786201246,45.42354747182167,62335.13963676324,62084.0385,61832.937363236764,64.65467633040511,60.61523704941851,13.224360000000004,Bullish,Strong Buy
2024-07-02 22:45:00,62026.0,62113.63,61994.5,62090.01,56.47995,-52.53829372040491,-72.0459390600871,19.507645339682185,49.52100831752384,62330.554523139595,62081.14,61831.7254768604,67.40024599326888,63.06050343672041,-23.76097,Bullish,Strong Buy
2024-07-02 23:00:00,62090.01,62181.24,62078.53,62152.01,77.27197,-39.67782742640702,-65.57231673335107,25.894489306944052,53.18710218485501,62308.1835608108,62074.439,61840.694439189196,74.54642200748157,68.86711477705185,20.792019999999994,Bullish,Strong Buy
2024-07-02 23:15:00,62152.0,62177.14,62091.59,62124.0,63.32363,-31.384210501746566,-58.73469548703017,27.350484985283607,51.37190147430151,62272.55158591145,62064.862,61857.17241408855,81.18752495229938,74.37806431768327,-13.948339999999995,Bullish,Strong Buy
2024-07-02 23:30:00,62124.0,62146.72,62086.0,62140.0,46.74981,-23.252354386968364,-51.63822726701781,28.385872880049448,52.37184086515653,62238.386891269336,62056.8625,61875.33810873067,79.28543511661003,78.33979402546366,-16.573820000000005,Bullish,Strong Buy
2024-07-02 23:45:00,62140.0,62148.1,62092.5,62135.47,43.26493,-16.977625472121872,-44.70610690803862,27.72848143591675,52.04552910955997,62184.56389216487,62047.1355,61909.70710783512,75.48033206742859,78.65109737877934,-3.484879999999997,Bullish,Strong Buy
2024-07-03 00:00:00,62135.46,62221.97,62128.59,62221.97,126.98064,-4.967765205816249,-36.75843856759415,31.7906733617779,57.491921674512746,62196.12051808,62049.327000000005,61902.53348192001,84.8682478320416,79.87800500536008,83.71571,Bullish,Strong Buy
2024-07-03 00:15:00,62221.97,62279.87,62216.17,62248.0,86.71686,6.574749421131855,-28.091800969848947,34.6665503909808,59.00094659343259,62230.22042600468,62061.3265,61892.43257399533,86.35037843353507,82.23298611100176,-40.26378,Bullish,Strong Buy
2024-07-03 00:30:00,62248.0,62285.94,62244.0,62260.64,58.1227,16.551423280747258,-19.163156119729706,35.714579400476964,59.74819988358503,62261.54507132079,62074.358499999995,61887.1719286792,90.30245102828748,87.17369243128805,-28.594159999999995,Bullish,Strong Buy
2024-07-03 00:45:00,62260.64,62269.63,62093.36,62094.02,93.01434,10.887661509441386,-13.152992593895487,24.040654103336873,47.46678139925539,62258.78826544882,62082.104499999994,61905.42073455117,57.23104215042644,77.96129053741633,34.89164,Bullish,Strong Buy
2024-07-03 01:00:00,62094.02,62113.09,61863.14,62042.02,223.25834,2.1780172554572346,-10.086790624024943,12.264807879482177,44.399440145845695,62258.786370148235,62082.085,61905.38362985176,43.480132428112455,63.67120853560879,130.244,Bullish,Strong Buy
2024-07-03 01:15:00,62042.02,62218.0,61998.19,62102.0,133.01636,0.11413053503929405,-8.046606392212095,8.160736927251389,48.530927735510964,62260.68486477832,62083.985,61907.28513522168,33.19633000577147,44.635834861436784,-90.24198000000001,Bullish,Strong Buy
2024-07-03 01:30:00,62102.01,62165.07,62036.0,62060.33,95.13948,-4.828277927226736,-7.402940699215023,2.5746627719882866,45.97498785965598,62259.981217451255,62086.901,61913.82078254874,48.4807631661933,41.719075200025735,-37.876879999999986,Bullish,Strong Buy
2024-07-03 01:45:00,62060.34,62070.56,61228.8,61617.91,1143.71589,-43.938275691944,-14.710007697760819,-29.22826799418318,28.69522920501498,62334.16489858695,62067.195999999996,61800.227101413046,46.839485580778806,42.83885958424785,1048.57641,,Potential Oversold
2024-07-03 02:00:00,61617.9,61617.91,61458.0,61538.01,396.27273,-80.45307991567097,-27.85862214134285,-52.59445777432812,26.74051810966091,62396.84754730347,62047.606999999996,61698.36645269652,38.42741765015559,44.58255546570922,-747.4431599999999,,Potential Oversold
2024-07-03 02:15:00,61538.01,61568.0,61472.0,61533.01,290.61642,-108.54356094661489,-43.99560990239726,-64.54795104421763,26.618320856342564,62438.47666197446,62023.25749999999,61608.03833802552,33.13210464943872,39.46633596012436,-105.65631000000002,,Potential Oversold
2024-07-03 02:30:00,61533.01,61599.27,61245.96,61257.9,537.23238,-151.26090578913136,-65.44866907974408,-85.81223670938728,20.9464831120306,62516.372297759095,61984.06649999999,61451.76070224089,21.706601481955687,31.08870792718332,246.61596000000003,,Potential Oversold
2024-07-03 02:45:00,61257.9,61371.47,61246.57,61362.0,235.6291,-174.70086649720906,-87.29910856323707,-87.401757933972,27.26232960921075,62551.80606429412,61954.265499999994,61356.72493570587,16.56173315953824,23.80014643031087,-301.60328000000004,,
2024-07-03 03:00:00,61362.01,61371.19,60800.0,60814.86,648.47733,-234.72111073861743,-116.78350899831314,-117.93760174030429,18.772958608962078,62667.216225119635,61892.708,61118.19977488036,6.91629714840465,15.061543929966179,412.84823000000006,,Potential Oversold
2024-07-03 03:15:00,60814.86,61041.34,60600.0,60996.0,650.56988,-264.6207196372852,-146.35095112610756,-118.26976851117766,26.889867998685702,62704.47049911543,61840.808,60977.145500884566,19.089914255133163,14.18931485435867,2.09254999999996,,Potential Oversold (Stochastic)
2024-07-03 03:30:00,60996.01,61064.0,60932.97,61000.0,250.63914,-284.71163008909207,-174.02308691870445,-110.68854317038762,27.063195352775004,62722.20224549432,61789.507999999994,60856.81375450567,27.158325420653185,17.72151227473032,-399.93074,,
2024-07-03 03:45:00,61000.0,61024.0,60917.51,60987.99,176.17526,-298.1658575930487,-198.8516410535733,-99.31421653947541,26.85731268162902,62718.37854696738,61734.40699999999,60750.4354530326,43.31681652236595,29.855018732717422,-74.46387999999999,,
2024-07-03 04:00:00,60988.0,60988.0,60864.69,60949.4,149.14138,-308.38742207515315,-220.75879725788928,-87.62862481726387,26.168446108860323,62695.1124525445,61674.27649999999,60653.44054745549,45.2093748427504,38.5615055952565,-27.03388000000001,,
2024-07-03 04:15:00,60949.4,60964.0,60848.0,60964.0,165.21961,-311.71671137508383,-238.9503800813282,-72.76633129375563,26.932039744842402,62659.875243774135,61616.27649999999,60572.67775622585,58.015726352916,48.84730590601077,16.07822999999999,,
2024-07-03 04:30:00,60964.0,60964.0,60837.94,60842.0,122.97005,-320.50499545480125,-255.26130315602282,-65.24369229877843,24.638886750258212,62617.81630458706,61551.37649999999,60484.93669541292,41.850287769575104,48.35846298841383,-42.24955999999999,,
2024-07-03 04:45:00,60842.0,60900.0,60816.0,60883.9,143.92847,-320.39547448643134,-268.2881374221045,-52.10733706432683,26.939714080084325,62557.67662473872,61488.79799999999,60419.919375261255,37.62949666618233,45.831836929557795,20.958420000000004,,
2024-07-03 05:00:00,60883.89,61022.0,60859.53,60986.01,190.32166,-308.51290991593123,-276.33309192086983,-32.1798179950614,32.35950387702875,62461.54166734983,61426.999999999985,60392.45833265014,38.98978011669041,39.48985485081593,46.393190000000004,,
2024-07-03 05:15:00,60986.01,61016.0,60905.39,60929.87,107.26062,-300.16579625054146,-281.09963278680414,-19.066163463737325,30.997985937776345,62344.72007644456,61361.093499999995,60377.46692355543,56.81668533731736,44.478654040063354,-83.06104,,
2024-07-03 05:30:00,60929.87,60983.31,60910.0,60968.47,100.28203,-287.1261397178241,-282.3049341730081,-4.821205544815996,33.08276055028496,62201.923054322455,61296.485,60391.046945677546,70.60679611650578,55.47108719017117,-6.978589999999997,,
2024-07-03 05:45:00,60968.47,61121.52,60962.0,61121.52,177.02735,-261.4286750301617,-278.12968234443883,16.70100731427715,40.72934956061903,62078.08324872016,61247.86,60417.63675127984,76.4304207119747,67.9513007219326,76.74532,Bullish,Strong Buy
2024-07-03 06:00:00,61121.52,61172.4,61068.34,61160.0,168.88922,-235.24645996114123,-269.5530378677793,34.3065779066381,42.50813093106965,61950.014254394075,61203.759,60457.50374560592,90.01708522093662,79.01810068313902,-8.138130000000018,Bullish,Strong Buy
2024-07-03 06:15:00,61160.0,61181.84,61056.0,61079.49,123.89216,-218.47490730066784,-259.33741175435705,40.86250445368921,39.81574581553987,61775.66063886746,61152.633499999996,60529.60636113253,86.33790758679675,84.26180450656933,-44.99705999999999,Bullish,Strong Buy
2024-07-03 06:30:00,61079.49,61148.0,61023.23,61034.0,140.28913,-206.47389131538512,-248.76470766656266,42.29081635117754,38.338177961858236,61565.710666317595,61101.316999999995,60636.923333682396,68.20959681575515,81.52152987449615,16.396969999999996,Bullish,Strong Buy
2024-07-03 06:45:00,61034.0,61057.68,60976.56,61014.0,156.63683,-196.31384869084286,-238.2745358714187,41.96068718057583,37.67617770557028,61471.32843472849,61071.121499999994,60670.914565271494,44.08188804041268,66.20979748098817,16.347700000000003,Bullish,Strong Buy
2024-07-03 07:00:00,61014.0,61014.0,60970.58,60982.58,97.94657,-188.62294522499724,-228.3442177421344,39.72127251713715,36.60675646191758,61382.54243935242,61043.35,60704.157560647574,24.98294613474089,45.758143663636226,-58.69026000000001,Bullish,Strong Buy
2024-07-03 07:15:00,60982.58,61026.0,60912.75,60912.75,169.33762,-186.01824370361282,-219.87902293443008,33.86077923081726,34.27803054558194,61270.52719175308,61012.337,60754.14680824692,9.777923572449152,26.280919249200895,71.39104999999999,Bullish,Strong Buy
2024-07-03 07:30:00,60912.75,61029.39,60886.85,60886.86,139.65216,-183.92295625861152,-212.68780959926636,28.764853340654838,33.42893920137466,61231.21736175304,60993.78500000001,60756.35263824698,1.894677901429186,12.218515869539731,-29.685459999999978,Bullish,Strong Buy
2024-07-03 07:45:00,60886.86,60906.53,60845.01,60870.01,203.80814,-181.5295207246818,-206.45615182434943,24.926631099667645,32.85846196248789,61142.10507000441,60969.18550000001,60796.26592999561,3.9197102859886925,5.197437253288999,64.15598,Bullish,Strong Buy
2024-07-03 08:00:00,60870.01,60897.6,60767.0,60843.99,198.01088,-179.6612789733117,-201.09717725414188,21.435898280830173,31.951682798053127,61138.76160854094,60970.64200000001,60802.522391459075,13.700316762353154,6.504901649923667,-5.797260000000023,Bullish,Strong Buy
2024-07-03 08:15:00,60843.98,60978.19,60843.98,60940.75,1073.54648,-168.43138838208688,-194.5640194797309,26.13263109764401,38.72372855140469,61136.05731617387,60967.8795,60799.70168382613,35.77178195001382,17.79726966611854,875.5355999999999,Bullish,Strong Buy
2024-07-03 08:30:00,60940.75,60974.61,60652.8,60818.0,1048.75601,-167.50561782335717,-189.15233914845615,21.64672132509898,34.08897391680439,61138.33162461595,60958.779500000004,60779.227375384056,46.47579334613916,31.9826306861687,-24.790469999999914,Bullish,Strong Buy
2024-07-03 08:45:00,60818.0,60849.9,60390.0,60497.59,638.23612,-190.4311751596979,-189.4081063507045,-1.0230688089934006,25.507132825013233,61202.9648110236,60934.25950000001,60665.55418897641,42.79242302362499,41.67999943992598,-410.51989000000003,,Potential Oversold
2024-07-03 09:00:00,60497.6,60646.0,60320.0,60565.99,597.4023,-200.76622805672378,-191.67973069190833,-9.086497364815443,29.582634141011926,61227.83674158435,60915.089000000014,60602.341258415676,33.17758365713615,40.81526667563342,-40.83382000000006,,Potential Oversold
2024-07-03 09:15:00,60565.98,60665.42,60493.49,60630.51,443.56373,-201.4286629127164,-193.62951713606995,-7.799145776646441,33.290119547214495,61233.7018071427,60898.41450000001,60563.127192857326,34.28058746578137,36.75019804884749,-153.83856999999995,,
2024-07-03 09:30:00,60630.51,60663.64,60581.0,60643.99,147.38946,-198.5768536071555,-194.61898443028707,-3.957869176868428,34.07112764982803,61241.12617337252,60888.51400000001,60535.9018266275,44.68121517998471,37.379795434300725,-296.17427,,
2024-07-03 09:45:00,60643.99,60667.18,60588.52,60606.01,111.15232,-197.10928958020668,-195.117045460271,-1.992244119935691,32.902323624978266,61248.14401123008,60874.619500000015,60501.09498876995,50.214757879886726,43.05885350855092,-36.23714000000001,,
2024-07-03 10:00:00,60606.02,60618.0,60210.26,60269.99,663.95439,-220.51824323909386,-200.19728501603555,-20.320958223058312,24.79729785673193,61291.61813763539,60838.818500000016,60386.01886236464,38.846745545184966,44.58090620168545,552.80207,,Potential Oversold
2024-07-03 10:15:00,60269.99,60333.41,60078.0,60132.01,711.68207,-247.35251470130606,-209.62833095308966,-37.724183748216404,22.361382581943452,61343.82850242613,60798.92550000001,60254.0224975739,25.404540954997856,38.15534812668983,47.727679999999964,,Potential Oversold
2024-07-03 10:30:00,60132.01,60247.41,59600.0,60200.0,1400.95369,-260.1339807790937,-219.72946091829047,-40.40451986080322,26.208014239393364,61358.0027146903,60760.502000000015,60163.00128530973,26.1540769312225,30.135121143801758,689.2716200000001,,
2024-07-03 10:45:00,60200.0,60384.0,60170.52,60383.99,416.99639,-252.50619516164443,-226.28480776696125,-26.221387394683177,35.518489914689816,61318.48099254796,60723.62550000001,60128.77000745206,46.28454287763404,32.61438692128478,-983.9573,,
2024-07-03 11:00:00,60384.0,60398.21,60234.02,60300.04,483.4355,-250.3493124680681,-231.09770870718262,-19.251603760885473,33.44498601966995,61267.36265260894,60680.62750000002,60093.89234739109,66.15095301692537,46.19652427526062,66.43910999999997,,
2024-07-03 11:15:00,60300.04,60480.0,60211.76,60212.01,332.92258,-252.82879967432382,-235.44392690061085,-17.38487277371297,31.376513609884892,61227.87616912577,60637.25350000001,60046.63083087426,70.59216908368195,61.009221659413775,-150.51292,,
2024-07-03 11:30:00,60212.01,60290.72,60112.0,60283.23,354.8456,-246.2088104521681,-237.5969036109223,-8.611906841245798,34.885275305469406,61180.04555409259,60599.71500000001,60019.38444590743,71.98419062927924,69.57577090996217,21.923020000000008,,
2024-07-03 11:45:00,60283.24,60415.62,60262.32,60386.01,223.23122,-230.01743644104863,-236.0810101769476,6.063573735898956,39.67867143030189,61122.97520718431,60568.31550000001,60013.65579281571,73.88186758893316,72.15274243396478,-131.61437999999998,Bullish,Strong Buy
2024-07-03 12:00:00,60386.01,60386.01,60159.11,60230.0,368.29303,-227.15584784041857,-234.2959777096418,7.140129869223216,35.41678604137278,61069.71533459614,60530.68650000001,59991.65766540388,61.388076416337555,69.08471154484998,145.06180999999998,Bullish,Strong Buy
2024-07-03 12:15:00,60230.0,60378.0,60151.74,60237.3,387.38151,-221.74285565655737,-231.7853532990249,10.042497642467538,35.76446236310856,61020.374009522144,60496.91400000001,59973.45399047788,46.85778985507287,60.709244620114525,19.088480000000004,Bullish,Strong Buy
2024-07-03 12:30:00,60237.3,60293.97,59999.59,60090.01,635.26098,-226.72455288394121,-230.77319321600817,4.048640332066952,32.019055028785445,60977.0361899596,60457.071500000005,59937.10681004041,29.2827133338007,45.84285986840371,247.87947000000003,Bullish,Strong Buy
2024-07-03 12:45:00,60090.01,60166.65,59921.17,60028.01,698.29798,-232.98970537965215,-231.21649564873695,-1.7732097309151982,30.5678927930214,60930.712473750034,60414.97150000001,59899.23052624998,25.796923237646624,33.979142142173394,63.037000000000035,,
2024-07-03 13:00:00,60028.01,60271.87,59752.29,60192.69,832.73796,-222.10628120529873,-229.39445276004932,7.2881715547505905,38.53611306227767,60866.985981081474,60382.406500000005,59897.827018918535,37.612090202071776,30.897242257839697,134.43998,Bullish,Strong Buy
2024-07-03 13:15:00,60192.69,60410.8,60174.01,60374.01,392.77139,-196.5839827073869,-222.83235874951683,26.248376042129934,45.898219299607376,60765.49378058386,60354.069500000005,59942.64521941615,61.83846862218474,41.74916068730104,-439.96657000000005,Bullish,Strong Buy
2024-07-03 13:30:00,60374.0,60542.09,60296.0,60542.03,567.52527,-160.94430174511945,-210.45474734863734,49.510445603517894,51.67461973820049,60704.31477812132,60340.27100000001,59976.2272218787,87.96665396791597,62.472404264057495,174.75387999999998,Bullish,Strong Buy
2024-07-03 13:45:00,60542.03,60640.1,60438.78,60589.99,411.2164,-127.36148273770232,-193.83609442645033,66.47461168874801,53.21029338689447,60719.00937302067,60344.891,59970.772626979335,96.2537740960252,82.01963222870863,-156.30886999999996,Bullish,Strong Buy
2024-07-03 14:00:00,60590.0,60740.2,60411.93,60454.27,564.19958,-110.42541106251883,-177.15395775366403,66.7285466911452,48.51217695369032,60703.24942296966,60339.30500000001,59975.360577030355,88.46841918650243,90.89628241681453,152.98317999999995,Bullish,Strong Buy
2024-07-03 14:15:00,60454.28,60540.0,60454.28,60540.0,46.51087,-89.05913939606398,-159.534994082144,70.47585468608003,51.42943555364147,60686.16141275513,60334.779500000004,59983.39758724488,76.68456645517153,87.13558657923305,-517.68871,Bullish,Strong Buy
2024-07-03 14:30:00,60382.05,60439.99,60292.59,60292.61,323.27989,-91.03907880956831,-145.83581102762886,54.796732218060555,43.729623305670835,60638.87491557959,60317.21050000001,59995.54608442043,45.23413107328464,70.12903890498619,276.76902,Bullish,Strong Buy
2024-07-03 14:45:00,60292.6,60400.0,60263.09,60281.15,307.74378,-92.46701904738438,-135.16205263157997,42.695033584195585,43.40543329114988,60594.210910405556,60300.967500000006,60007.724089594456,22.810201241769846,48.24296625674199,-15.536110000000008,Bullish,Strong Buy
2024-07-03 15:00:00,60281.16,60281.16,59972.72,60246.0,523.38767,-95.33600904513878,-127.19684391429173,31.860834869152953,42.36793686599056,60593.703888683034,60299.768000000004,60005.83211131697,13.132400439495258,27.058910918183226,215.64388999999994,Bullish,Strong Buy
2024-07-03 15:15:00,60246.0,60450.0,60154.0,60426.02,286.29872,-82.13677318530972,-118.18482976849533,36.04805658318561,49.08075088585759,60602.72750167155,60314.4685,60026.209498328455,39.76678751081017,25.23646306402507,-237.08894999999995,Bullish,Strong Buy
2024-07-03 15:30:00,60426.01,60464.0,60251.0,60302.01,428.35911,-80.75199553803395,-110.69826292240306,29.946267384369108,45.17703000103829,60603.11727982086,60319.569,60036.02072017915,60.84734064557595,37.91550953196043,142.06038999999998,Bullish,Strong Buy
2024-07-03 15:45:00,60302.01,60302.01,60168.6,60186.25,225.34201,-87.98122107890958,-106.15485455370437,18.173633474794784,41.832266258182,60597.31613221376,60309.68200000001,60022.047867786256,63.46619725778098,54.69344180472234,-203.0171,Bullish,Strong Buy
2024-07-03 16:00:00,60186.25,60339.74,60100.0,60265.99,328.28089,-86.28148358439648,-102.1801803598428,15.89869677544631,44.86065597043805,60596.224195583214,60307.9795,60019.73480441679,56.72868153938001,60.34740648091229,102.93888000000001,Bullish,Strong Buy
2024-07-03 16:15:00,60266.0,60630.32,60266.0,60611.99,430.79947,-56.36537604784826,-93.01721949744389,36.65184344959563,55.65025481962471,60641.23177191239,60327.978500000005,60014.72522808762,66.56756364306696,62.254147480075964,102.51857999999999,Bullish,Strong Buy
2024-07-03 16:30:00,60611.98,60655.56,60393.98,60454.77,397.12909,-44.82625617108715,-83.37902683217254,38.55277066108539,50.787147021685406,60653.80632174004,60336.5555,60019.30467825996,73.36558922955102,65.5539448039993,-33.670379999999966,Bullish,Strong Buy
2024-07-03 16:45:00,60454.78,60558.0,60394.64,60495.98,475.24008,-31.987387251450855,-73.10069891602821,41.11331166457735,51.97188360607561,60666.27805001728,60342.054000000004,60017.829949982726,77.22583841595076,72.38633042952289,78.11098999999996,Bullish,Strong Buy
2024-07-03 17:00:00,60495.99,60515.99,60405.72,60465.71,186.83031,-23.978616590742604,-63.27628245097109,39.297665860228484,51.000672479489936,60678.05020934942,60353.8395,60029.62879065058,66.98706410348738,72.52616391632971,-288.40977,Bullish,Strong Buy
2024-07-03 17:15:00,60465.72,60471.99,60412.87,60446.89,109.83168,-18.93198867605679,-54.40742369598823,35.47543501993144,50.370422747920365,60686.32628637436,60364.318999999996,60042.31171362563,61.1791806764225,68.46402773195354,-76.99862999999999,Bullish,Strong Buy
2024-07-03 17:30:00,60446.89,60446.9,60311.11,60332.01,154.10828,-23.926545282200095,-48.3112480132306,24.384702731030508,46.58598359164399,60673.509459761844,60376.418999999994,60079.328540238144,39.44311876872079,55.86978784954354,44.2766,Bullish,Strong Buy
2024-07-03 17:45:00,60332.0,60371.34,60200.0,60371.34,272.77516,-24.4295563521664,-43.534909681017766,19.105353328851365,48.025705899758904,60644.2074850316,60393.5855,60142.9635149684,33.454139373293025,44.69214627281209,118.66688000000002,Bullish,Strong Buy
2024-07-03 18:00:00,60371.34,60441.94,60273.17,60376.01,179.31968,-24.172718229187012,-39.66247139065162,15.489753161464606,48.20422940879141,60636.12951184649,60402.7515,60169.373488153506,36.54303634945874,36.48009816382416,-93.45548000000002,Bullish,Strong Buy
2024-07-03 18:15:00,60376.01,60427.08,60292.0,60397.99,155.53188,-21.942628893753863,-36.118502891272065,14.175873997518202,49.090569802732055,60636.971669900006,60403.9505,60170.92933009999,58.78486079071348,42.92734550448839,-23.787800000000004,Bullish,Strong Buy
2024-07-03 18:30:00,60397.98,60437.6,60363.61,60432.83,120.22729,-17.16609019626776,-32.3280203522712,15.161930156003443,50.53546166542036,60623.286484526405,60398.4905,60173.694515473595,74.26519458337413,56.53103057451543,-35.304590000000005,Bullish,Strong Buy
2024-07-03 18:45:00,60432.83,60446.06,60240.0,60248.01,197.65513,-27.971638621922466,-31.456744006201454,3.485105384278988,43.484797012274576,60597.16498290897,60381.391500000005,60165.61801709104,62.20198507579655,65.0840134832947,77.42784000000002,Bullish,Strong Buy
2024-07-03 19:00:00,60248.0,60248.0,60060.37,60149.52,398.42846,-43.97551116485556,-33.960497437932275,-10.015013726923286,40.261147447366014,60601.3562399014,60366.154,60130.95176009861,45.642418716198016,60.70319945845622,200.77332999999996,,
2024-07-03 19:15:00,60149.51,60177.99,59800.0,60005.96,766.94064,-67.46509208976931,-40.66141636829968,-26.80367572146963,36.064380529064834,60608.47163426769,60339.452000000005,60070.43236573232,24.835103860672223,44.22650255088892,368.51218000000006,,Potential Oversold
2024-07-03 19:30:00,60005.96,60038.14,59878.17,59958.0,359.40264,-88.92564589602262,-50.31426227384427,-38.611383622178344,34.76076815297617,60638.813600773276,60322.7215,60006.629399226724,26.483247735883648,32.32025677091795,-407.538,,Potential Oversold
2024-07-03 19:45:00,59958.0,60005.33,59666.0,59671.1,401.43706,-127.61268211578135,-65.77394624223169,-61.838735873549666,28.195090606870565,60717.38847688425,60292.219000000005,59867.04952311576,18.996373584760498,23.438241727105446,42.034419999999955,,Potential Oversold
2024-07-03 20:00:00,59671.11,59871.1,59671.1,59742.0,341.13295,-150.81292209290405,-82.78174141236616,-68.03118068053789,31.63181424876259,60755.229891391806,60267.01900000001,59778.80810860821,12.722715997111143,19.40077910591842,-60.30410999999998,,Potential Oversold
2024-07-03 20:15:00,59742.0,59864.91,59676.46,59745.01,254.84204,-167.03096854685282,-99.63158683926349,-67.39938170758933,31.78109374743034,60765.09117748142,60232.9685,59700.84582251858,9.714719045320352,13.811269542397321,-86.29091,,Potential Oversold (Stochastic)
2024-07-03 20:30:00,59745.02,59800.79,59671.1,59708.03,283.84894,-180.78389988773415,-115.86204944895762,-64.92185043877653,30.888751286360666,60781.01093134729,60203.26950000001,59625.528068652726,13.261499296452163,11.899644779627877,29.00690000000003,,Potential Oversold (Stochastic)
2024-07-03 20:45:00,59708.03,59824.06,59581.71,59609.26,368.44342,-197.3778614808689,-132.16521185533986,-65.21264962552902,28.58053793636345,60807.63995502225,60174.420000000006,59541.20004497776,11.07651624549676,11.35091152908975,84.59447999999998,,Potential Oversold (Stochastic)
2024-07-03 21:00:00,59609.25,59877.61,59400.0,59872.36,827.68358,-187.14147399423382,-143.16046428311864,-43.98100971111518,41.18786500663162,60799.71067103082,60154.738500000014,59509.76632896921,38.899461163592576,21.07915890184716,459.24016,,
2024-07-03 21:15:00,59872.35,59880.0,59756.68,59879.99,211.12571,-176.38018494920834,-149.80440841633657,-26.57577653287177,41.51032366037043,60737.7451673342,60118.138500000015,59498.53183266583,68.46738784739732,39.48112175216221,-616.55787,,
2024-07-03 21:30:00,59880.0,60146.97,59879.99,60146.96,279.56106,-144.64219284898718,-148.7719653028667,4.129772453879525,51.525202537124905,60703.1369861248,60102.74800000001,59502.35901387521,99.6324515697404,68.99976686024343,68.43535,Bullish,Strong Buy
2024-07-03 21:45:00,60146.96,60340.0,60131.85,60247.59,171.0558,-110.10043615680479,-141.03765947365432,30.937223316849526,54.67548396641049,60667.49357046281,60090.32850000002,59513.16342953723,96.72190895366178,88.27391612359982,-108.50525999999999,Bullish,Strong Buy
2024-07-03 22:00:00,60247.58,60278.0,60125.49,60236.02,184.41143,-82.70606340757513,-129.37134026043847,46.66527685286334,54.23903260305531,60634.41118057136,60078.84400000002,59523.27681942868,93.03536935555307,96.46324329298507,13.35562999999999,Bullish,Strong Buy
2024-07-03 22:15:00,60236.02,60296.0,60172.33,60273.21,169.91115,-57.333992867213965,-114.96387078179357,57.62987791457961,55.46952255830858,60607.57725081508,60070.16000000002,59532.74274918496,89.21915693635277,92.99214508185587,-14.500280000000004,Bullish,Strong Buy
2024-07-03 22:30:00,60273.21,60347.9,60270.26,60345.3,67.46535,-31.051441955336486,-98.18138501650216,67.12994306116568,57.83628813054753,60609.56641840855,60070.824500000024,59532.0825815915,92.31088648639225,91.52180425943267,-102.44579999999999,Bullish,Strong Buy
2024-07-03 22:45:00,60345.31,60371.57,60284.16,60316.01,175.71036,-12.442361418048677,-81.03358029681146,68.59121887876279,56.521840711302055,60601.13727487021,60068.05800000002,59534.978725129826,88.47211272660523,90.00071871645007,108.24501000000001,Bullish,Strong Buy
2024-07-03 23:00:00,60316.02,60356.44,60281.31,60338.0,106.56677,4.033383862370101,-64.02018746497515,68.05357132734525,57.30634741355644,60595.08652691211,60066.157500000016,59537.22847308792,87.741469702582,89.50815630519314,-69.14359,Bullish,Strong Buy
2024-07-03 23:15:00,60338.0,60360.0,60326.01,60353.6,62.02455,18.140211260273645,-47.58810771992539,65.72831898019903,57.88688049649776,60587.62520371829,60063.938000000024,59540.250796281754,84.92026609438383,87.04461617452368,-44.54222000000001,Bullish,Strong Buy
2024-07-03 23:30:00,60353.59,60374.82,60240.0,60249.99,97.74294,20.720657668774948,-33.92635464218532,54.64701231096027,52.755942062524966,60558.40377445839,60054.79600000002,59551.18822554164,61.58290050998579,78.08154543565053,35.71839000000001,Bullish,Strong Buy
2024-07-03 23:45:00,60250.0,60299.0,60208.57,60208.58,76.41391,19.202880266100692,-23.30050766052812,42.50338792662881,50.81721893410827,60553.69256347861,60052.824500000024,59551.95643652144,32.79887387969128,59.767346828020294,-21.329030000000003,Bullish,Strong Buy
2024-07-04 00:00:00,60208.57,60315.0,60208.57,60284.01,281.01131,23.812110161255987,-13.877984096171298,37.69009425742728,54.12434142746403,60568.96757499855,60059.54900000002,59550.130425001495,17.597779495468004,37.32651796171502,204.5974,Bullish,Strong Buy
2024-07-04 00:15:00,60284.01,60422.0,60280.18,60365.72,205.54149,33.67014372399717,-4.368358532137604,38.03850225613478,57.46120298615461,60603.262015611675,60077.537000000026,59551.811984388376,39.671385745440425,30.02267970686656,-75.46981999999997,Bullish,Strong Buy
2024-07-04 00:30:00,60365.72,60475.91,60360.0,60431.25,165.65971,46.237433338981646,5.752799842086247,40.4846334968954,59.97558091096753,60645.54488191626,60101.199500000024,59556.854118083786,67.43427437645836,41.56781320578892,-39.88178000000002,Bullish,Strong Buy
2024-07-04 00:45:00,60431.25,60448.0,60410.0,60430.01,120.54516,55.457760720077204,15.693792017684439,39.763968702392766,59.90342644508717,60663.7196886202,60139.14500000002,59614.57031137984,79.91874387293409,62.341467998277615,-45.114549999999994,Bullish,Strong Buy
2024-07-04 01:00:00,60430.01,60498.19,60115.93,60121.87,337.18425,37.468698004755424,20.048773215098635,17.41992478965679,45.31415218981828,60650.32794187135,60158.13850000002,59665.949058128695,55.89314973726787,67.74872266222009,216.63909,Bullish,Strong Buy
2024-07-04 01:15:00,60121.86,60290.0,59900.0,60250.0,400.6818,33.1689058716147,22.672799746401846,10.496106125212851,50.691758107340114,60638.6384510977,60183.38800000002,59728.13754890234,47.63153543082951,61.14780968034381,63.49754999999999,Bullish,Strong Buy
2024-07-04 01:30:00,60250.0,60250.0,59236.0,59609.67,1048.52311,-21.658326208445942,13.806574555432288,-35.464900763878234,33.148358466329924,60655.74732965503,60178.470000000016,59701.192670345,29.889549092231714,44.47141142010969,647.84131,,Potential Oversold
2024-07-04 01:45:00,59609.67,59619.99,58444.0,58561.1,4151.91521,-148.0139259724965,-18.557525550153475,-129.45640042234302,20.585003862694084,60947.75804727414,60126.06200000002,59304.3659527259,31.271758286878136,36.26428093664645,3103.3921,,Potential Oversold
2024-07-04 02:00:00,58561.1,58812.98,57800.01,58721.99,4159.20928,-232.4891801925114,-61.34385647862506,-171.14532371388634,25.26538986152742,61089.99422226437,60068.543500000014,59047.092777735656,23.158625888320405,28.106644422476748,7.29406999999992,,Potential Oversold
2024-07-04 02:15:00,58721.99,58994.97,58650.01,58973.99,765.39043,-275.92148272736813,-104.25938172837367,-171.66210099899445,32.02305924830316,61149.144120131015,60023.24350000002,58897.34287986902,29.006321698760445,27.812235291319656,-3393.81885,,
2024-07-04 02:30:00,58974.0,59105.26,58877.35,59097.87,537.58055,-296.9230703802896,-142.79211945875684,-154.13095092153273,35.128439941523396,61164.45912886837,59970.789000000026,58777.11887113168,44.764171700483324,32.309706429188054,-227.80988000000002,,
2024-07-04 02:45:00,59097.88,59106.84,58968.01,58972.13,381.50993,-320.0241083376459,-178.23851723453464,-141.78559110311124,33.457709514765874,61169.04634645646,59907.01600000002,58644.985653543576,54.841659937407805,42.87071777888386,-156.07062000000002,,
2024-07-04 03:00:00,58972.13,59041.5,58927.49,58942.01,256.35566,-336.87894880751264,-209.96660354913024,-126.9123452583824,33.05218797461013,61161.623866601614,59842.31550000001,58523.00713339841,68.2546783674813,55.95350333512414,-125.15427,,
2024-07-04 03:15:00,58942.01,58982.03,58815.94,58935.25,294.42514,-346.78449106957123,-237.33018105321844,-109.45431001635279,32.955644274466536,61135.598644847116,59775.41750000002,58415.23635515292,71.40964100290626,64.83532643593178,38.06948,,
2024-07-04 03:30:00,58935.25,59066.0,58921.1,59013.61,175.18889,-344.3423433709613,-258.732613516767,-85.60972985419431,35.31429930651054,61081.23078668103,59708.83300000002,58336.43521331901,72.59240115228233,70.75224017422329,-119.23625000000001,,
2024-07-04 03:45:00,59013.61,59155.8,59000.67,59102.0,211.05933,-331.4537963891926,-273.27685009125213,-58.17694629794045,37.965419660962205,61015.11968289408,59648.13250000002,58281.14531710596,71.52003999532052,71.8406940501697,35.87044,,
2024-07-04 04:00:00,59102.0,59150.0,59032.06,59085.99,159.49312,-318.855831701032,-282.3926464132081,-36.463185287823876,37.664310437188824,60934.97487479971,59585.53200000002,58236.089125200335,77.19344246190981,73.76862786983754,-51.566209999999984,,
2024-07-04 04:15:00,59086.0,59086.0,58724.98,58804.23,309.43361,-327.8285279516058,-291.4798227208877,-36.34870523071811,32.74254435493027,60850.11099204397,59508.06350000001,58166.01600795605,60.67476494650432,69.79608246791155,149.94048999999998,,
2024-07-04 04:30:00,58804.23,58973.95,58736.0,58939.98,192.1923,-320.2934207068829,-297.24254231808675,-23.05087838879615,37.013118239814524,60761.040529278594,59442.56300000001,58124.085470721424,49.25305838364137,62.373755264018506,-117.24131,,
2024-07-04 04:45:00,58939.97,59044.66,58912.6,58968.36,133.20142,-308.47584755837306,-299.489203366144,-8.98664419222905,37.9008639864198,60665.316113335895,59380.55200000001,58095.787886664126,41.59741887563232,50.50841406859268,-58.990879999999976,,
2024-07-04 05:00:00,58968.37,58996.0,58865.27,58875.99,157.44277,-303.0702179114378,-300.2054062752028,-2.864811636235004,36.116641197418694,60542.41027244473,59310.15100000001,58077.891727555296,47.30906530002333,46.05318085309901,24.241349999999983,,
2024-07-04 05:15:00,58876.0,58951.1,58870.0,58914.01,98.7002,-292.3483118585864,-298.6339873918795,6.285675533293102,37.42246410246077,60380.33785305613,59237.56550000001,58094.79314694389,48.12744777061755,45.67797731542441,-58.74257,Bullish,Strong Buy
2024-07-04 05:30:00,58914.01,59036.0,58873.07,58946.28,172.06212,-278.04210840567976,-294.51561159463955,16.473503188959796,38.57021352294283,60171.22086609586,59163.31700000002,58155.41313390418,52.00560471877561,49.14737259647217,73.36192,Bullish,Strong Buy
2024-07-04 05:45:00,58946.28,58968.0,58868.0,58902.0,194.59189,-267.19728110320284,-289.05194549635223,21.854664393149392,37.55241954109657,59914.73117813658,59086.916500000014,58259.10182186345,46.98722143890995,49.04009130943438,22.529770000000013,Bullish,Strong Buy
2024-07-04 06:00:00,58902.0,58917.99,58816.66,58883.99,203.84333,-257.09233343198866,-282.66002308347953,25.567689651490866,37.12333232799887,59706.171349995246,59025.02250000001,58343.87365000477,39.76610654028281,46.25297756598946,9.251440000000002,Bullish,Strong Buy
2024-07-04 06:15:00,58884.0,58895.99,58535.8,58633.6,381.39249,-266.2196555308183,-279.3719495729473,13.152294042129029,31.700121096469235,59354.52506317002,58944.202500000014,58533.87993683001,23.574585783631715,36.775971254274836,177.54916,Bullish,Strong Buy
2024-07-04 06:30:00,58633.61,59076.18,58545.29,58926.0,567.04852,-247.0114930096097,-272.89985826027976,25.888365250670063,42.3006092719414,59184.2222579077,58910.019000000015,58635.81574209233,40.819086799135924,34.71992637435016,185.65603000000004,Bullish,Strong Buy
2024-07-04 06:45:00,58926.0,58957.8,58778.96,58795.99,270.22832,-239.51858513105253,-266.2236036344343,26.70501850338178,39.374408953023405,59151.73593831357,58921.763500000015,58691.79106168646,46.636691807848884,37.010121463538844,-296.82020000000006,Bullish,Strong Buy
2024-07-04 07:00:00,58796.0,58857.99,58705.94,58750.0,261.63605,-234.5872346834003,-259.8963298442275,25.309095160827212,38.363420744924525,59148.548397225124,58923.16400000001,58697.7796027749,53.33222300356497,46.929333870183264,-8.592269999999985,Bullish,Strong Buy
2024-07-04 07:15:00,58749.99,58757.99,58407.62,58444.09,522.10106,-252.45335915109172,-258.4077357056004,5.954376554508656,32.40351822214541,59202.24371991403,58896.669000000016,58591.094280086,31.081076960056716,43.68333059049019,260.46500999999995,Bullish,Strong Buy
2024-07-04 07:30:00,58444.09,58649.03,58408.0,58493.52,480.09673,-259.63093975511583,-258.6523765155035,-0.978563239612356,34.18279251300707,59204.28722189311,58866.45150000001,58528.61577810691,19.314096908116415,34.57579895724604,-42.00432999999998,,Potential Oversold
2024-07-04 07:45:00,58493.52,58541.1,58104.0,58219.99,891.68908,-284.1157001741667,-263.74504124723614,-20.37065892693056,29.54785569181831,59264.533304437384,58828.84450000002,58393.15569556266,10.629555585210637,20.341576484461264,411.59235,,Potential Oversold
2024-07-04 08:00:00,58219.99,58506.18,58179.74,58321.09,620.52122,-291.9961740047729,-269.3952677987435,-22.600906206029435,33.15557188160072,59282.53653051067,58797.79850000002,58313.06046948937,18.408606008307967,16.117419500545015,-271.16786,,Potential Oversold (Stochastic)
2024-07-04 08:15:00,58321.1,58335.98,58070.0,58070.01,611.75355,-314.87191647598956,-278.4905975341927,-36.38131894179685,29.161679731781113,59328.68037815384,58754.536500000024,58180.39262184621,14.126253767826531,14.38813845378172,-8.767669999999953,,Potential Oversold
2024-07-04 08:30:00,58070.0,58189.41,57238.68,57678.59,2202.67576,-360.4306102471601,-294.8786000767862,-65.55201017037388,24.256231332152684,59415.74619077198,58687.78550000002,57959.82480922806,19.99505358465218,17.509971120262232,1590.9222100000002,,Potential Oversold
2024-07-04 08:45:00,57678.58,57837.44,57395.68,57688.46,1070.30446,-391.2299217744585,-314.14886441632063,-77.08105735813785,24.60065467234711,59438.91223239857,58617.10850000002,57795.30476760146,21.909058850169018,18.676788734215915,-1132.3713,,Potential Oversold
2024-07-04 09:00:00,57688.46,57760.0,57066.0,57514.0,1737.30049,-424.8190128938659,-336.2828941118297,-88.53611878203617,22.6408956760524,59460.49031723261,58538.50900000002,57616.52768276743,32.277648583093544,24.727253672638252,666.99603,,Potential Oversold
2024-07-04 09:15:00,57514.01,57634.07,56952.0,57540.01,1779.55833,-444.2191382678284,-357.87014294302946,-86.34899532479892,23.61785619423944,59484.92443976502,58475.298000000024,57465.67156023503,36.04276106688715,30.076489500049906,42.25783999999999,,
2024-07-04 09:30:00,57540.01,57851.36,57511.1,57827.98,1350.17182,-431.38437452072685,-372.57298925856895,-58.8113852621579,33.614023286626505,59443.22052260353,58419.69800000002,57396.17547739651,48.12850648314435,38.81630537770835,-429.38651000000004,,
2024-07-04 09:45:00,57827.98,57873.53,57685.76,57748.0,448.23942,-422.7927576303118,-382.61694293291754,-40.17581469739429,32.347814159443885,59389.5704944632,58358.680000000015,57327.78950553683,66.55212845155401,50.2411320005285,-901.9324,,
2024-07-04 10:00:00,57748.01,57783.43,57463.06,57581.1,565.75868,-424.5572428856249,-391.005002923459,-33.55223996216586,29.823179683866258,59349.0999490359,58293.93550000002,57238.77105096414,75.14546788641121,63.27536760703652,117.51926000000003,,
2024-07-04 10:15:00,57581.11,57640.0,57427.71,57600.01,462.29705,-419.59292514678964,-396.7225873681251,-22.87033777866452,30.485168902631756,59284.41450817483,58228.235500000024,57172.05649182522,74.9879729001408,72.22852307936868,-103.46163000000001,,
2024-07-04 10:30:00,57600.01,57681.77,57448.57,57663.08,362.09856,-405.89059158905,-398.5561882123101,-7.334403376739942,32.763304530915086,59193.546549592334,58164.07550000002,57134.60445040771,63.7935600087863,71.30900026511277,-100.19848999999999,,
2024-07-04 10:45:00,57663.07,57952.95,57652.56,57946.43,542.93805,-367.9261924587481,-392.4301890615977,24.503996602849554,41.965170194141905,59091.615871393406,58116.29700000002,57140.978128606635,73.95747959324119,70.91300416738943,180.83948999999996,Bullish,Strong Buy
2024-07-04 11:00:00,57946.43,58118.96,57909.4,57932.01,584.78353,-335.139427414113,-380.9720367321007,45.8326093179877,41.65274940264515,58980.34819218885,58068.69800000002,57157.047807811185,74.83610156313696,70.86238038838816,41.845480000000066,Bullish,Strong Buy
2024-07-04 11:15:00,57932.02,57932.02,57731.11,57777.31,367.22523,-317.9732789898044,-368.37228518364145,50.39900619383707,38.35384601767394,58907.321124941824,58025.88350000002,57144.44587505821,74.09616665264308,74.29658260300708,-217.55830000000003,Bullish,Strong Buy
2024-07-04 11:30:00,57777.32,57842.35,57680.01,57716.0,284.28763,-305.7912165036396,-355.85607144764106,50.06485494400147,37.09977289545913,58752.438072862264,57965.38350000002,57178.32892713777,54.47384735996303,67.80203852524768,-82.93760000000003,Bullish,Strong Buy
2024-07-04 11:45:00,57716.0,57848.5,57691.81,57761.94,250.15689,-289.09733602013875,-342.5043243621406,53.40698834200185,38.71673627390649,58605.821684115814,57913.68100000002,57221.540315884224,37.97290753074537,55.514307181117154,-34.130739999999975,Bullish,Strong Buy
2024-07-04 12:00:00,57761.95,57761.95,57574.97,57606.0,417.12229,-285.16318651289475,-331.03609679229146,45.872910279396706,35.39097046212042,58443.86417324418,57856.481000000014,57269.097826755846,23.015942119202077,38.48756566997016,166.96540000000002,Bullish,Strong Buy
2024-07-04 12:15:00,57606.0,57634.0,57398.49,57523.99,430.5837,-285.3732609842773,-321.90352963068864,36.53026864641134,33.74906324242162,58348.626850367626,57810.47600000001,57272.325149632394,17.55956585971836,26.1828051698886,13.46141,Bullish,Strong Buy
2024-07-04 12:30:00,57523.99,57729.99,57457.19,57516.19,440.6633,-282.907954533257,-314.1044146112023,31.19646007794529,33.58944905347347,58213.34573635627,57761.609500000006,57309.87326364374,18.460566452437522,19.67869147711932,10.07959999999997,Bullish,Strong Buy
2024-07-04 12:45:00,57516.2,57516.2,57161.55,57247.98,651.44814,-299.1480938718232,-311.11315046332646,11.965056591503242,28.583462722684295,58166.173549511994,57713.009000000005,57259.84445048802,20.75308403633417,18.924405449496685,210.78483999999997,Bullish,Strong Buy
2024-07-04 13:00:00,57247.98,57456.76,57051.1,57335.99,787.58305,-301.4420139362628,-309.17892315791374,7.736909221650933,32.156493862880204,58051.220196712165,57663.754,57276.287803287836,26.27134940633699,21.82833329836956,136.13491,Bullish,Strong Buy
2024-07-04 13:15:00,57335.99,57389.39,56789.0,56934.01,1786.73082,-331.87078875670704,-313.7172962776724,-18.15349247903464,25.80590245146143,58065.99818871399,57606.954000000005,57147.90981128602,22.689813187935588,23.23808221020225,999.14777,,Potential Oversold
2024-07-04 13:30:00,56934.01,57063.01,56778.84,56819.99,1069.74211,-361.0246061943035,-323.1787582609986,-37.84584793330487,24.337698901692935,58135.150738786295,57564.024,56992.8972612137,19.93802654518759,22.966396379820054,-716.9887100000001,,Potential Oversold
2024-07-04 13:45:00,56820.0,57504.38,56771.0,57425.82,1348.29919,-331.4233565377799,-324.8276779163549,-6.595678621425009,42.92019729086458,58122.04798531502,57550.89200000001,56979.736014685,35.86947325582506,26.16577099631608,278.55708000000004,,
2024-07-04 14:00:00,57420.02,57434.0,57414.01,57414.02,4.1619,-305.39590046457306,-320.9413224259985,15.545421961425461,42.70022365974535,58119.99559057248,57545.893000000004,56971.79040942753,59.959006657587985,38.58883548620022,-1344.13729,Bullish,Strong Buy
2024-07-04 14:15:00,57288.01,57391.11,56853.77,57016.36,595.22563,-313.24588900591334,-319.4022357419815,6.156346736068144,36.00342404418335,58138.52049422621,57519.71050000001,56900.9005057738,69.66891032421063,55.16579674587456,591.0637300000001,Bullish,Strong Buy
2024-07-04 14:30:00,57016.36,57461.1,56924.0,57296.28,740.76395,-293.49661063795065,-314.2211107211753,20.724500083224655,42.80349369029845,58102.28638252038,57493.12550000001,56883.964617479636,64.25318388829805,64.62703362336556,145.53832,Bullish,Strong Buy
2024-07-04 14:45:00,57296.29,57500.0,57234.37,57450.25,407.86566,-262.39633145349944,-303.85615486764016,41.459823414140715,46.19040048909552,58076.206134365966,57478.23800000001,56880.26986563406,65.89989727926424,66.60733049725764,-332.89829000000003,Bullish,Strong Buy
2024-07-04 15:00:00,57450.25,57656.21,57356.78,57593.46,874.59494,-223.61558472547767,-287.80804083920765,64.19245611372997,49.20334266502152,58077.27346771927,57478.85600000001,56880.43853228074,85.47457991134634,71.87588702630286,466.72927999999996,Bullish,Strong Buy
2024-07-04 15:15:00,57593.46,57593.99,57374.35,57514.0,254.5154,-197.0221725057927,-269.65086717252467,72.62869466673197,47.61042618464939,58070.6602309634,57474.5555,56878.4507690366,89.02566981717803,80.13338233592953,-620.07954,Bullish,Strong Buy
2024-07-04 15:30:00,57514.0,57813.23,57400.0,57802.01,380.00199,-150.96645441338478,-245.91398462069668,94.9475302073119,53.48810825644219,58089.35463618908,57481.502,56873.649363810924,91.06537919909034,88.5218763092049,125.48658999999998,Bullish,Strong Buy
2024-07-04 15:45:00,57802.0,58350.19,57750.5,58140.0,1333.11305,-86.20033392031473,-213.9712544806203,127.77092056030557,59.264017822800774,58133.521879669875,57491.1805,56848.83912033013,87.39292308157525,89.16132403261453,953.11106,Bullish,Strong Buy
2024-07-04 16:00:00,58140.0,58140.0,57821.95,57862.34,434.80825,-56.624822606143425,-182.50196810572493,125.8771454995815,53.397608773768326,58121.13180660347,57487.69700000001,56854.26219339654,76.93078023288383,85.12969417118313,-898.3047999999999,Bullish,Strong Buy
2024-07-04 16:15:00,57862.34,58051.1,57821.1,57944.0,294.58633,-26.293640549665724,-151.2603025945131,124.96666204484737,54.814261415141495,58148.587356817596,57496.031500000005,56843.47564318241,63.47648497126673,75.93339609524193,-140.22192,Bullish,Strong Buy
2024-07-04 16:30:00,57943.99,58206.0,57752.27,58124.0,414.06444,12.12872306209465,-118.58249746319154,130.7112205252862,57.85545690004427,58218.82467014498,57516.431500000006,56814.03832985503,61.820669943932124,67.40931171602756,119.47811000000002,Bullish,Strong Buy
2024-07-04 16:45:00,58123.99,58397.6,58026.11,58304.59,428.38797,56.49953531561914,-83.56609090742941,140.06562622304855,60.71241678095268,58319.83415577678,57543.56400000001,56767.29384422325,73.39909253902594,66.2320824847416,14.323530000000005,Bullish,Strong Buy
2024-07-04 17:00:00,58304.59,58378.0,58113.43,58149.98,327.40557,78.2855616075176,-51.19576040444001,129.48132201195762,57.141010378507886,58390.76582593218,57570.76300000001,56750.760174067844,74.48362107768517,69.90112785354775,-100.98239999999998,Bullish,Strong Buy
2024-07-04 17:15:00,58149.99,58383.99,58100.0,58324.0,210.55083,108.34417979510181,-19.28777236453164,127.63195215963344,59.99358892884512,58493.39599853063,57610.763500000015,56728.1310014694,78.6168527956058,75.49985547077229,-116.85474000000002,Bullish,Strong Buy
2024-07-04 17:30:00,58324.0,58330.0,58154.21,58171.1,293.11962,118.46253672503371,8.262289453381431,110.20024727165229,56.43916466072747,58557.70680444203,57643.50900000002,56729.31119555801,71.70853155233276,74.93633514187457,82.56879,Bullish,Strong Buy
2024-07-04 17:45:00,58171.1,58309.25,58111.82,58240.0,261.14154,130.53632022596867,32.717095607898884,97.81922461806978,57.656601812766795,58623.58743308937,57693.11000000002,56762.63256691067,70.35763587618347,73.561006741374,-31.978079999999977,Bullish,Strong Buy
2024-07-04 18:00:00,58239.99,58336.0,57938.0,58029.99,421.34714,121.75530934806011,50.524738355931134,71.23057099212897,52.811690237341466,58654.18065016634,57727.81000000002,56801.4393498337,47.70131607381688,63.25582783411104,160.2056,Bullish,Strong Buy
2024-07-04 18:15:00,58030.0,58204.0,57982.0,58204.0,234.51891,127.36921467906359,65.89363362055762,61.475581058505966,56.10315377092371,58663.869830699405,57791.30950000002,56918.74916930063,45.94828763118385,54.66907986039473,-186.82823000000002,Bullish,Strong Buy
2024-07-04 18:30:00,58204.0,58370.0,58108.96,58196.47,301.54205,129.7153887739696,78.65798465124001,51.057404122729594,55.92137718719846,58626.001145707785,57860.13350000002,57094.26585429225,46.69987813558907,46.78316061352993,67.02314000000001,Bullish,Strong Buy
2024-07-04 18:45:00,58196.47,58200.0,58091.11,58168.0,164.06055,127.8042102013278,88.48722976125757,39.31698044007024,55.19323915025475,58647.09291996955,57897.242500000015,57147.39208003048,57.571450714169394,50.073205493647436,-137.4815,Bullish,Strong Buy
2024-07-04 19:00:00,58168.0,58381.1,58141.66,58303.99,239.6197,135.69859496405115,97.92950280181628,37.76909216223487,58.00596652746308,58677.09336123044,57941.741000000016,57206.38863876959,65.22312234091459,56.49815039689101,75.55914999999999,Bullish,Strong Buy
2024-07-04 19:15:00,58304.0,58518.41,58221.1,58502.0,304.55613,156.13290103212785,109.5701824478786,46.562718584249254,61.76920905202815,58656.47898089217,58016.02300000001,57375.567019107846,77.59304047348793,66.79587117619063,64.93643,Bullish,Strong Buy
2024-07-04 19:30:00,58502.01,58676.24,58372.39,58376.49,455.28426,160.35119893695082,119.72638574569304,40.624813191257786,58.20849670863157,58636.51087944912,58070.033500000005,57503.55612055089,76.10348280845066,72.97321520761771,150.72813000000002,Bullish,Strong Buy
2024-07-04 19:45:00,58376.49,58398.01,58278.23,58283.62,224.28864,154.4203360539832,126.66517580735106,27.75516024663213,55.6521002462603,58607.93691118432,58111.70200000001,57615.467088815705,59.53774059125261,71.07808795773038,-230.99562000000003,Bullish,Strong Buy
2024-07-04 20:00:00,58283.62,58309.03,58172.09,58223.03,187.84149,143.18048238722258,129.96823712332537,13.212245263897216,53.98625290610516,58580.27240547068,58143.18050000002,57706.088594529356,32.29791469331197,55.97971269767172,-36.44714999999999,Bullish,Strong Buy
2024-07-04 20:15:00,58223.03,58251.1,58151.1,58151.11,114.70204,127.00543484332593,129.37567666732548,-2.3702418239995495,51.99666761370766,58503.40956377425,58175.03600000002,57846.66243622579,16.041193529470334,35.95894960467828,-73.13945,,
2024-07-04 20:30:00,58151.11,58228.53,58130.01,58205.4,111.44886,117.216147624109,126.94377085868219,-9.727623234573187,53.39298926573591,58475.48514183915,58195.20550000002,57914.92585816089,9.675025935387398,19.338044719389877,-3.2531800000000004,,Potential Oversold (Stochastic)
2024-07-04 20:45:00,58205.39,58358.99,58151.1,58358.99,142.16432,120.46287532843417,125.64759175263258,-5.184716424198413,57.187152259116715,58493.9616268736,58206.15500000001,57918.34837312643,33.08136036373549,19.59919327619772,30.715460000000007,,
2024-07-04 21:00:00,58358.99,58486.95,58288.33,58478.48,142.51256,131.16577737223997,126.75122887655405,4.414548495685921,59.920767782644226,58501.96539574619,58236.962000000014,57971.958604253836,65.62307633424471,36.12648754445585,0.3482400000000041,Bullish,Strong Buy
2024-07-04 21:15:00,58478.48,58647.22,58396.98,58468.0,203.53148,137.22046384675923,128.84507587059508,8.375387976164149,59.561561605633905,58510.12637912822,58263.16200000001,58016.197620871804,82.80534949803122,60.50326206533712,61.01891999999998,Bullish,Strong Buy
2024-07-04 21:30:00,58468.0,58468.0,58323.89,58359.59,124.402,131.75230693823687,129.42652208412343,2.3257848541134365,55.83292907612836,58516.649665901336,58274.941500000015,58033.233334098695,69.1213031783258,72.51657633686723,-79.12947999999999,Bullish,Strong Buy
2024-07-04 21:45:00,58359.6,58507.65,58359.59,58494.01,65.90688,136.68965059180482,130.8791477856597,5.810502806145109,59.24011395452865,58544.19400998116,58284.41250000001,58024.630990018864,59.61840527700283,70.51501931778661,-58.49512,Bullish,Strong Buy
2024-07-04 22:00:00,58494.0,58813.13,58452.44,58523.99,312.99527,141.39178991478548,132.98167621148485,8.410113703300624,59.98161049438202,58575.055373338626,58303.11300000001,58031.1706266614,52.80374787325445,60.51448544286101,247.08839,Bullish,Strong Buy
2024-07-04 22:15:00,58523.99,58538.0,58360.94,58365.99,167.05433,130.86051115170267,132.55744319952842,-1.6969320478257544,54.368147724346606,58578.41292622396,58305.21250000001,58032.01207377606,40.87608920713802,51.09941411913175,-145.94094,,
2024-07-04 22:30:00,58366.0,58391.1,58162.0,58262.01,249.87924,112.82352054071816,128.61065866776636,-15.787138127048195,50.9863760758168,58576.83829743281,58309.75800000001,58042.677702567205,22.956453729766746,38.87876360338639,82.82491000000002,,
2024-07-04 22:45:00,58262.02,58273.98,58000.0,58038.84,415.62662,79.60350202168047,118.80922733854918,-39.20572531686871,44.57744503674523,58590.618044563904,58299.70000000001,58008.78195543612,9.580413188868805,24.47098537525784,165.74738,,
2024-07-04 23:00:00,58038.84,58112.84,57877.34,58081.74,426.02463,56.0914817914163,106.2656782291226,-50.1741964377063,45.983063855335836,58584.34980433378,58302.28750000001,58020.225195666244,13.992854472258491,15.509907130297997,10.39801,,Potential Oversold (Stochastic)
2024-07-04 23:15:00,58081.74,58086.0,57810.46,57816.0,403.30221,15.832531676067447,88.17904891851157,-72.34651724244412,39.32911424705415,58634.19466407144,58282.88750000001,57931.580335928586,9.12686051564763,10.900042725591625,-22.72242,,Potential Oversold
2024-07-04 23:30:00,57816.0,57901.1,56866.0,57121.99,1838.53357,-71.25242960149626,56.29275321451,-127.54518281600626,27.952821956395024,58845.535672525366,58229.16350000001,57612.79132747465,13.129702134630358,12.083139040845476,1435.23136,,Potential Oversold
2024-07-04 23:45:00,57121.99,57344.0,56923.07,57050.01,808.92515,-144.41138866965775,16.151924837676447,-160.56331350733421,27.077972128686657,58976.226040963615,58173.26400000001,57370.301959036406,10.205225563163024,10.820596071146987,-1029.60842,,Potential Oversold
2024-07-05 00:00:00,57050.02,57260.76,56727.78,56884.01,1374.98552,-213.32611285502935,-29.743682700864717,-183.58243015416463,25.125004980256698,59078.790434953844,58102.265000000014,57125.739565046184,13.711287428252746,12.348738375348693,566.0603699999999,,Potential Oversold
2024-07-05 00:15:00,56884.01,57294.02,56884.0,57050.0,699.62709,-251.64669604465598,-74.12428536962298,-177.522410675033,30.52122298406931,59088.91643243273,58029.665000000015,56970.4135675673,16.02414354422038,13.313552178545367,-675.35843,,Potential Oversold (Stochastic)
2024-07-05 00:30:00,57050.0,57281.52,56690.0,56942.0,1031.19246,-287.4175609818849,-116.78294049207537,-170.63462048980952,29.05403536085499,59104.23081917336,57957.94050000001,56811.65018082666,18.60362776373785,16.113019578736978,331.56537000000003,,Potential Oversold (Stochastic)
2024-07-05 00:45:00,56942.01,57546.0,56941.1,57375.99,745.9229,-277.5474687135429,-148.93584613636887,-128.61162257717405,41.271318157658904,59075.427618206784,57912.55900000001,56749.69038179323,41.5567487426055,25.394840016854562,-285.26955999999996,,
2024-07-05 01:00:00,57375.99,57442.0,57194.0,57204.01,284.19098,-280.37075860342884,-175.22282862978085,-105.14792997364799,38.445917368207084,59054.507532366064,57861.60800000001,56668.70846763395,53.66481541072181,37.941730639021706,-461.73192,,
2024-07-05 01:15:00,57204.01,57321.11,56821.11,57008.0,504.65078,-295.0237548578589,-199.18301387539645,-95.84074098246242,35.46584379279073,59044.98034391703,57804.4525,56563.92465608297,59.11214953271023,51.444571228679166,220.45979999999997,,
2024-07-05 01:30:00,57008.01,57189.32,56807.0,56975.98,535.99529,-305.69623050041264,-220.4856572003997,-85.21057330001295,34.98871835101159,59019.27149575603,57742.98150000001,56466.69150424399,43.535436137071805,52.10413369350127,31.344509999999957,,
2024-07-05 01:45:00,56975.99,57312.5,56975.99,57172.01,382.7122,-294.9364181918718,-235.37580939869412,-59.560608793177664,40.285230066883784,58950.177143670226,57683.63250000001,56417.08785632979,39.98361113570178,47.54373226849459,-153.28308999999996,,
2024-07-05 02:00:00,57172.02,57191.1,56830.0,56842.0,588.96438,-309.47085107615567,-250.19481773418642,-59.27603334196925,35.10073294124027,58863.81769563508,57601.80850000001,56339.79930436493,29.43770390681567,37.652250393196404,206.25218,,
2024-07-05 02:15:00,56842.0,57000.0,56830.0,56872.0,215.41556,-314.93833152878506,-263.14352049310617,-51.79481103567889,35.908231733685994,58756.3753807392,57522.00850000001,56287.64161926082,22.515813955872886,30.645709666130102,-373.54882,,
